"license";"fid"
"C7UDYJ8P";1
"XF7XBTF2";2
"UA7F3Q96";3
"6GVRFR08";4
"DL65T091";5
"FO3MOBIT";6
"M1A2GDI8";7
"RMTSAMMJ";8
"34GST8PX";9
"J7XECMNP";10
"N3JAQJIW";11
"3TRQXKA3";12
"XRCXRBKC";13
"RUKN60ZG";14
"QN38I0MN";15
"99YZ8D9Y";16
"W4JHPVQH";17
"4HUN5ELW";18
"ODJJW65V";19
"B8F6S03X";20
"OKSIHTOW";21
"3F0WFVMT";22
"CGA7N9DN";23
"JJTQEPRI";24
"Y8VX7PG9";25
"Q526CDHV";26
"2WCU2INX";27
"UWXUE33T";28
"QAJ07VW1";29
"99EM8SCZ";30
"1HKPC2F1";31
"2D7PSI9D";32
"EON9JHQO";33
"OQO7ZJVI";34
"FFKSX366";35
"CIAHVWF2";36
"H8Y706K9";37
"67FU0RUN";38
"48I9CBVE";39
"QLGUT26R";40
"F23L92LI";41
"0XIKBDP6";42
"42GW05PB";43
"EC2E4LKX";44
"ND5UNRFA";45
"Q587W3AO";46
"TWUO4ZS1";47
"C5Q0L2QG";48
"PEPXKFMJ";49
"B3UZ3646";50
"W7YQB4RV";51
"UN5PUOT0";52
"ZIJ4EATH";53
"B9MMK5VW";54
"VOWCTVFA";55
"7OLV46ID";56
"7YVD46YT";57
"QSLBCDU6";58
"4ORWSLD2";59
"4OGLRIQY";60
"GR4B3W9E";61
"5EW6CG7Y";62
"KHFLWFD3";63
"ZGWF0VTF";64
"HWGBU3EQ";65
"1MFDGC19";66
"5V5SIIRR";67
"SZOCAUKL";68
"5HLT6U6K";69
"20JI6JJI";70
"OXMJ83XA";71
"7V8D0833";72
"838GN8L6";73
"JQ8QY8FI";74
"AXLY1RR9";75
"QFGRQ4MU";76
"N6LI6T8K";77
"QAWPUQK4";78
"PR8L0SLX";79
"ZBNF1NKQ";80
"QRBXQ3EP";81
"JT4FYB8Z";82
"AIUSK1RJ";83
"05ESGR0C";84
"3PBZY8OU";85
"RTS7I1F4";86
"FISAB69D";87
"91XBY3ID";88
"PGC85KBS";89
"EFQR171J";90
"U0VJKALW";91
"BICUIZR1";92
"AU24PFMX";93
"GRFW3WXR";94
"E84K25JL";95
"HB0OBWKP";96
"1U9BZCSO";97
"LVT96UID";98
"VABI4PRG";99
"L3SBQWKS";100
"WI1DVCYX";101
"TBWJAOPO";102
"3UI5NJA2";103
"D15M9BDJ";104
"12AB1OVT";105
"LFGI6D6A";106
"PYY0R9SV";107
"WA65IRST";108
"HK445WAF";109
"ZDHKJD0A";110
"J3C7CK7L";111
"XCDUO0NS";112
"9I5B1EQP";113
"CS3D35DX";114
"FU6KCFSH";115
"ZUSK3JRR";116
"SACTG05K";117
"E27VANME";118
"ZKOZB9TW";119
"9Z1VKCB3";120
"XK39XIAX";121
"E7793YS1";122
"2W68KCFA";123
"M8CU00WU";124
"BC4UADTG";125
"0SMRGPDQ";126
"H1D21OEX";127
"BO4RH3D3";128
"TQSVDQWA";129
"OSVNNYY7";130
"9L8UECQY";131
"M3WCUR78";132
"Q4V7BWWD";133
"NTJC36DB";134
"GJ8H67BL";135
"HDLMBD7E";136
"694DCZBN";137
"0JAF1LNU";138
"U4X8PE8L";139
"A217N2R6";140
"W9T38573";141
"P1BBHR7T";142
"L6IHQQLB";143
"NWP4QE50";144
"7TEQP2X9";145
"UI923LB0";146
"ZEUTC91G";147
"VNUYTG6J";148
"7B8ZT23V";149
"41S35INU";150
"QC8F0BWI";151
"29GJLJ6O";152
"3GXTEBDE";153
"KUPQ991U";154
"XF49WL5Y";155
"GP9GKW0C";156
"N399HYFW";157
"LZGPL6QX";158
"PSTIQTIJ";159
"Z2KFH13W";160
"ECTAQXL6";161
"DAH4RFU8";162
"LOLJJCMT";163
"BET2PIV0";164
"5XTWG4GI";165
"D1HW3D2Q";166
"OHK0OLRO";167
"UIND6LKT";168
"QD37D2HY";169
"XDNFTX7I";170
"YQUSZ221";171
"V0OTORZB";172
"2TSC7FXQ";173
"ODAYWFOP";174
"HM0SAFLC";175
"PLQ0KHID";176
"4X6LCLFT";177
"DIMOL4WI";178
"Y44I1SZG";179
"K1HAJ54L";180
"JMGS43D2";181
"UBSFTOTT";182
"ENV4ASAW";183
"ZA90XKOT";184
"U7HEJIRL";185
"QD2PGWRD";186
"ZH1OPECJ";187
"RJMM423O";188
"94EJE4VI";189
"QHS4YY4Q";190
"S4TNY5S6";191
"FXKV03P9";192
"KRSD97E6";193
"T70ALF8I";194
"D3FNQ9OZ";195
"1OGRSLX1";196
"24VLSU2Q";197
"RYKWWMB8";198
"SRLCZ34G";199
"LG7Q6FDN";200
"XM269RI7";201
"RVL4BFXM";202
"OVK24NFY";203
"IUOR72DH";204
"VD3LDXB9";205
"UYQQ2RWF";206
"U9HE2TX9";207
"F2GSX9M2";208
"8UZ13HJ5";209
"RUVVS6Z6";210
"WO7AGAVF";211
"3VC9R8ZQ";212
"UGQP55RT";213
"1XB4UDLI";214
"9W0V9AUG";215
"1XZ3LEX1";216
"9IP7XOJ3";217
"E21ME5Z9";218
"9L31MQ5J";219
"F4FJSR0E";220
"7QZNW5EN";221
"J4PXL28O";222
"JHYUTUPZ";223
"H8BZ6PLZ";224
"LH449172";225
"VPJH0OGR";226
"YWTZBZM9";227
"MISGAX28";228
"JP39J72H";229
"MVEXZAUQ";230
"S3X4EX62";231
"TD9D6N00";232
"MJVOJE69";233
"GPDUJAX3";234
"RZS092J8";235
"O1ZGZTJ6";236
"8UKXBFIA";237
"58MOIOYT";238
"HDHDZM72";239
"YAZKDJZY";240
"IY84YW6S";241
"L9IZX8RU";242
"XZVAZRU7";243
"UV1E2NRW";244
"74UJSZSI";245
"SI218BZR";246
"5IO4YBA3";247
"LO6HY95K";248
"IZK6JFX7";249
"YC2M4O2O";250
"JOOECG9F";251
"TDXA840N";252
"PDDQ6RE4";253
"KZ5U7O2V";254
"RZUAG954";255
"EQ0BPQM7";256
"H9CMU7BG";257
"Q4WJDF2Q";258
"2GMMC6YC";259
"SF8Y4LPZ";260
"IGZJ4J3M";261
"055IENL0";262
"A59391B1";263
"7PSZKNQT";264
"5B6PA300";265
"Q67HDGMP";266
"84Q92B0Z";267
"H57YW1W3";268
"IS78ZCJJ";269
"8L3Y64ZE";270
"GUQZQUI2";271
"PL9R6FAH";272
"CMINMREO";273
"RG4MQD0V";274
"23IY6PPB";275
"QEJZZSTT";276
"BBIEYUPZ";277
"TI6JWW2O";278
"J8CSBU39";279
"RSQN3R8N";280
"SGPF81WK";281
"ONM89DJF";282
"8XLMP55A";283
"WKAR161R";284
"SBC4T4KJ";285
"DP12NJB1";286
"KFXV22E9";287
"8T9SRCZX";288
"UOJ4AC9N";289
"5DQCN07I";290
"P55T8899";291
"JG0CDBRK";292
"EI7IHQAQ";293
"OCFH5W9W";294
"T8OO9QG2";295
"XMSYE5ER";296
"4WXYDSGF";297
"E6UP6N7D";298
"8WAXJJUF";299
"6QCML515";300
"Z1OJ8L4O";301
"FKQYJL46";302
"X1597GUF";303
"SN9DABA6";304
"3OIRV0C2";305
"DGE0IFH3";306
"685OEQ1L";307
"COTYRCPD";308
"9549RO8Q";309
"SQC6I2KB";310
"XTKUT3QD";311
"GX37LG26";312
"TJULRW49";313
"ZMTXJ56Q";314
"6S6PSMR9";315
"F27P2RJJ";316
"SZS65YQ2";317
"8748D3VB";318
"X5ISQE57";319
"PCYPNCE2";320
"I6VK54EP";321
"EQK10LHC";322
"L3DSIFYH";323
"UPPLZE68";324
"JUE2CZM2";325
"601Q0JPR";326
"824832KK";327
"RUMYOJIK";328
"ZTSK8LKH";329
"HTZFD5DZ";330
"K0BGKX84";331
"MB7TS03K";332
"IZJTHJ9Y";333
"RYEB7O1Q";334
"MDTDFE8V";335
"CGKATHN8";336
"1GUFT7UV";337
"JKNBT9ZA";338
"N7L3BZ52";339
"BV0EF9YZ";340
"8OKSZW8P";341
"P7WJYJ4G";342
"QIXN8UOF";343
"664E73CC";344
"ZIVGSETH";345
"U37PPMLZ";346
"V5N1FXFE";347
"ECRCSTI8";348
"EDZI3XUI";349
"UP21N8TJ";350
"VAZ45DY5";351
"TQD2S5P3";352
"NKJ8FP4O";353
"EGT3KYVE";354
"LP92DB1M";355
"PI51VO4P";356
"CXE4JQG6";357
"3R1Y2BW7";358
"OMPYCMEX";359
"GOG8MKKA";360
"R15P9VNI";361
"FCG9UTPD";362
"UTJK52D3";363
"29I63GP9";364
"INL8QZF7";365
"0YX0EKX1";366
"0LK8ZBK9";367
"AI68WRDF";368
"RWZ0X34P";369
"PTDEQL5H";370
"8YGNG7IT";371
"5ZCUP7P1";372
"K3ZX56R3";373
"WEZF2VO0";374
"YQD6CKY1";375
"GLB6WOU5";376
"XOWWXM77";377
"E7VGYZR5";378
"KQELPZIJ";379
"1NO779K5";380
"MJPJJM2J";381
"282KVG0L";382
"8V6T3K9C";383
"ZPAHHWSH";384
"TII9WTSX";385
"UWE3TKXX";386
"W5BK2XTN";387
"KF73DF3E";388
"8WLKN4MJ";389
"MIXDZ81P";390
"1BKOHPQJ";391
"AH9G42WV";392
"Y26OFM40";393
"2Y2TY473";394
"6GS9ZFAJ";395
"HHR31WND";396
"TOLR4A2S";397
"M6MM2ILW";398
"BVT0VLDL";399
"1QDPG18V";400
"WGED2Z9V";401
"4D64V5IS";402
"ZO1RRDAA";403
"3QQ7IM6S";404
"2EDU1GR4";405
"6BGAQM9S";406
"5SFTD9YT";407
"MSBG9QUK";408
"80VAYSAL";409
"HC8T8ZUB";410
"O2Q2HXV1";411
"45E4YFAQ";412
"B29I3FO9";413
"LCJ7CJ8U";414
"OEDNM9G4";415
"XPPIWP2L";416
"KEVZ1Q21";417
"RDZS6NF4";418
"HZMLUZGL";419
"8W5V0VMV";420
"VVQLXDJ7";421
"VNKMN53O";422
"8C84NO80";423
"ANR3LDB0";424
"C2MZY1VB";425
"KFO6IQGB";426
"9P6J8BME";427
"58A1RRL6";428
"90LSWY9V";429
"98J3ER4Y";430
"8W4CJUP5";431
"VBB9D0OW";432
"NUYCIGF1";433
"ETCX8DIU";434
"5U4SHBB4";435
"YN52I5SC";436
"MO1SIC5S";437
"QV0OC0AQ";438
"CKQY1PWN";439
"L9TBO754";440
"SSU2OHF5";441
"LPO38Q14";442
"5F39K5CL";443
"ZT8FBE5D";444
"6A5PK2OF";445
"LK6Z0CJN";446
"FDLSX69A";447
"HNUVXAYE";448
"0OIFRRSM";449
"MDFAIRNP";450
"KZA6640A";451
"FORF0NDP";452
"42EKKR3Z";453
"4X1VHJ9X";454
"JTJDYRPH";455
"VJ7O5VYP";456
"6VYD0RCC";457
"EBRBMVHM";458
"56ZJ8GD9";459
"LIK1FDQG";460
"7G0CJGDI";461
"9EUY8V3T";462
"O6W8BFH5";463
"F8CI2COD";464
"MDKIL5X7";465
"JPRE2H8U";466
"G2SLR477";467
"60ZVIZEK";468
"I1UA73SS";469
"7RRA2HF0";470
"PGSBT4FU";471
"UIW5XNYR";472
"36M4M8S4";473
"W02YBK25";474
"0IWIFXG7";475
"NKC21X46";476
"BH8A19SF";477
"YN5B0L7S";478
"FUBECQUG";479
"VWUXHLPJ";480
"6F2S4OJ9";481
"WJFN4YLH";482
"AQZ8LLKU";483
"L8H2WJ2E";484
"3QTJGE3F";485
"IXIDS3OY";486
"44YGR9Q9";487
"IESN6VBJ";488
"BLZHHZV6";489
"2SX0AZCP";490
"JCUM3LE8";491
"CEVDXT3F";492
"C17Q5WCG";493
"3SP3262O";494
"RJECISKC";495
"RHRE8C2B";496
"IGZZ9W9S";497
"NX4DLZNM";498
"X5CWGD6P";499
"B4U1V4VD";500
"G6X3CWL5";501
"ZHXE4GNZ";502
"UDNN9RIA";503
"EHMPS35C";504
"XWFVO962";505
"2FIEH55S";506
"1FX573W2";507
"CC94YEMM";508
"LYLTOSAD";509
"LBHV1ZW3";510
"A3RWDRMA";511
"CK1NSDHB";512
"IFDSPB3O";513
"E13RDSAE";514
"7LGMZORM";515
"3O4LF4FV";516
"Q2TEN53L";517
"XBCG6NED";518
"AMZFD12M";519
"YSHXSTK1";520
"93TJK0B6";521
"MGJHPN80";522
"RZYIN47K";523
"0R2WZ7LH";524
"R9TVCC5F";525
"T5Y241IU";526
"MY3IFF4W";527
"8AX5B02O";528
"ZUO3OYK6";529
"8EHB37MG";530
"L4C5BRE1";531
"1F6NABHI";532
"YR2ABZUH";533
"SEV7CMCY";534
"FYD88VLZ";535
"JFQXTUCC";536
"XBTJLM5X";537
"BVMNM49E";538
"2WMQWSN2";539
"1RN11F2R";540
"VA87B2H3";541
"G7TVAI0F";542
"1CC3HEE0";543
"6S2LNTRX";544
"U4F652C3";545
"3R1UTD3O";546
"PLD3Q55L";547
"A3ROJJH9";548
"L5XJQMTN";549
"WLQP5SPH";550
"R74BI84S";551
"L04F085S";552
"IRYDHNZ5";553
"2ZAGIXL1";554
"ID67O112";555
"36SHUFTA";556
"T6VS0KVX";557
"O9MX60PU";558
"8C53YJR2";559
"X5WBJATK";560
"UCEZ7CI3";561
"KVZTGAOC";562
"OTROHPVF";563
"8I3T0NG2";564
"97XN82MH";565
"ALJPD42J";566
"EN2RG9YU";567
"KKDIT4JJ";568
"ASK4IKTU";569
"1T0C506A";570
"6BZ5D3G2";571
"013DQNPH";572
"MH029BEU";573
"4P6X6VIA";574
"WTYJLOL3";575
"XQZ93U7O";576
"5QRPH0DV";577
"BX3ZAEHE";578
"LFKTCP9U";579
"7RG25CCH";580
"RRABS57R";581
"5X5Y0YVP";582
"G299Q5YH";583
"SI21E9FF";584
"J44UV0YS";585
"F00ZVYLD";586
"OMOWHIB7";587
"FC0JS9JZ";588
"6T3B7IC4";589
"ABR2R5PI";590
"IW5W3NU4";591
"57PJOYTX";592
"R271R0O7";593
"AVHR2UFR";594
"UFAE657J";595
"JKX74R7Y";596
"B6QE8LBM";597
"PEGFYBQI";598
"E2MZUBEE";599
"5O2C5HEV";600
"F056OJ3F";601
"6G61TJHJ";602
"ML36HI5E";603
"SNEFXNYT";604
"CXLJXUKV";605
"UQ56QFUQ";606
"94SRBYMY";607
"8961KLX8";608
"TDKMMYGP";609
"ZYOUSSYV";610
"WPOIN857";611
"V6TKIO53";612
"KBKQCALB";613
"1JCZVAFA";614
"Z6Z03TXL";615
"LXODOYR2";616
"1PIEXK9C";617
"MO9MQZJK";618
"8C3GPFBD";619
"7ZPQV1F7";620
"TYEA02RS";621
"U6ZO8DUZ";622
"SEMWLSZM";623
"AM2AHIID";624
"YRYK22OD";625
"LF5USNO6";626
"39PVJ7JJ";627
"VYWNN8C3";628
"OQFIEZO7";629
"I5K095N9";630
"DE5JKVZZ";631
"TYA7NHEN";632
"XDUXRXJ4";633
"2XVZ2LSK";634
"WFBNPFSR";635
"EKH7CQL9";636
"AOLXQKN1";637
"YQO662NY";638
"TTM0C5WF";639
"CNXBAMGG";640
"K8KPZTST";641
"22POKYXD";642
"932IDO3U";643
"8W9X2GY8";644
"218OB5XQ";645
"ZJPFO3V5";646
"MZC37YR2";647
"FT0PSZ2R";648
"NOTZPTAY";649
"UKT7GLSD";650
"CN1LSRT6";651
"JI1SIPSU";652
"KWT2YKV3";653
"LP7EQIJ1";654
"FO3DDGVV";655
"VLXG9I4V";656
"J89644C5";657
"XIBXQK93";658
"0CTWS10D";659
"52ZH2UKY";660
"67J7T4JE";661
"3PI05XWG";662
"45XQ9DEZ";663
"V4OXAPQT";664
"6AZYQ11L";665
"HPG9Q3OY";666
"N6V0A19W";667
"BN7ILGV3";668
"0ZYQ09JD";669
"2M3UKMPP";670
"VN5KHH30";671
"HAY0BZ65";672
"FB2657L2";673
"YPXND0FX";674
"CUW66RXV";675
"BVVWFWNG";676
"X3LDAZOS";677
"XS4FBRMO";678
"IMEVHYBK";679
"ME5L8L6E";680
"TUH05GJJ";681
"V5V8GQ8A";682
"SFZH9WR3";683
"J5J51VMV";684
"SV6VMPQM";685
"P1UUW29E";686
"7EOYYXBG";687
"NHI4YUUZ";688
"N2URLAPZ";689
"MR057SFO";690
"3PA8LIAH";691
"KDKNY630";692
"FZ00X4MK";693
"70QWZGY0";694
"EUE39F31";695
"Z986F6RK";696
"VWL1XUEN";697
"6PL3ICQW";698
"UT1EA5SM";699
"Z91CU87L";700
"Z1OCRRI1";701
"EYRCRXNO";702
"P2XPTRCM";703
"HBI6B6AR";704
"KZNKPDK4";705
"9OSRGMKM";706
"C68WVQEM";707
"Z5YUN1DA";708
"VTV310Q9";709
"VRG66RPR";710
"ZD6WOXMJ";711
"UHPX0DFG";712
"MXNYG3S4";713
"9160UDJ2";714
"2YTQ4BV4";715
"EHMU5KOM";716
"BPKJR1A4";717
"5VRQVEK4";718
"DAL64YMP";719
"WS7BUCNU";720
"MKFBYMU7";721
"6536ESW4";722
"BWHIY3RC";723
"0BNSZPA3";724
"0FQW336G";725
"KIV92BZW";726
"ZT9C110Y";727
"BN8O4JUU";728
"O3BPRB1B";729
"WHW9V1RP";730
"6AJ4AYRJ";731
"4W84KHQ8";732
"Z3Z108EE";733
"ZG7CTXUZ";734
"8YXMW5D1";735
"MD5APNPQ";736
"8FVQ9C2P";737
"Z0TNK7JK";738
"2F8PFUSV";739
"KG5E8SBM";740
"7PD7U45P";741
"A0CKVQIH";742
"HBHYADQE";743
"2WW8W01A";744
"NCU9YUEM";745
"J0JOC1VV";746
"SJN1Q559";747
"CKI1VDN6";748
"YOVA1ZPT";749
"SSNSHMWK";750
"RAFCWDSS";751
"XLU5HP6I";752
"9FMN2JOF";753
"5Y8XET1F";754
"1KMC984N";755
"ASW6IN0B";756
"Z1G5WZT0";757
"JVP3PD44";758
"JDK8ETGQ";759
"WX9ZPQWC";760
"P9MIPVR7";761
"5PKOZ52P";762
"IU5L7H55";763
"45FJSA4F";764
"W9MAAHXM";765
"2MFP7FWT";766
"IUJKEMWF";767
"GAUN2SU8";768
"AKQNKMBY";769
"UT0FQEMZ";770
"82I5J8YO";771
"9J8AZJDB";772
"H0PZ01OA";773
"EIT5LVT0";774
"HZACPJ6J";775
"VQK2QFWO";776
"6CM5AVTG";777
"JYU9ATR3";778
"4OU6B8UH";779
"H3CJQLY3";780
"II8HJ7SR";781
"18DEW9RW";782
"B246JDE3";783
"U0WZ2EPR";784
"SZKXOYZ9";785
"RZYTC9MA";786
"L93IM24B";787
"IYVYX3WC";788
"86YTZZ04";789
"HHFNXEO2";790
"5IIRALIK";791
"CVT26T3I";792
"O4HAPSKU";793
"TVLB3T9L";794
"7X0UH1PL";795
"O4I1HZZ3";796
"SP5XS9US";797
"E6Z95B65";798
"C7O3CRVC";799
"IH20O0S3";800
"K04RW5OV";801
"HGC0GDVX";802
"5F7HEHBA";803
"IAR9H3TW";804
"31A1VO9O";805
"8ZLBK7JP";806
"AO8VUBRK";807
"TF6BFMKO";808
"BCMB4YQI";809
"9CXSX9FG";810
"4QW7GU3M";811
"NC49U54X";812
"UVK4HPAJ";813
"WV1ZB2EA";814
"FKEUTG5H";815
"I5726NRC";816
"73JDUTJM";817
"3HVA2T6B";818
"34P5D1TD";819
"VIRIUE3I";820
"L7D70MBD";821
"1VHDU1HZ";822
"KUYUMX8X";823
"SAWY0DOX";824
"NWDS5RF3";825
"CD2Y7UXW";826
"DPHZ9QEY";827
"1T2N1AG8";828
"EZOTIEW6";829
"GHCG93DZ";830
"TR342G48";831
"VDFEYXQ9";832
"TZKL9HSR";833
"O9AC3IAU";834
"Z4YR6ZIU";835
"SVLCXU0V";836
"E3OT0QVI";837
"X1FZ66TI";838
"CFEIV55G";839
"33SIELGZ";840
"R8B0SM2O";841
"S6MO0XOU";842
"45CDESSV";843
"1V09TB6R";844
"EUPJ69TO";845
"UXX7P1NV";846
"T8IM8UJG";847
"R1QPCCW0";848
"X1TO5RMN";849
"4NKN4Z53";850
"EG5Q7DKM";851
"EL0NUPRD";852
"SLN5Q8CA";853
"8HBTG8FQ";854
"KQVUHA0U";855
"VN0F2UCC";856
"TVT4YAKQ";857
"I5O4KL91";858
"XXXW9E47";859
"4FF0YR2X";860
"D5V88ERJ";861
"8EPMNM2Q";862
"RHA23LXK";863
"Z7RU23BR";864
"CXO8LH5X";865
"0EI7VVYT";866
"76UOBB8A";867
"AM6FK9X6";868
"AIWGJXNE";869
"XDCF2XYO";870
"Y7QPIMYQ";871
"I02XSE3O";872
"XG4SD54P";873
"TZH2Z9WW";874
"PVN7B5CE";875
"2YG34W88";876
"XJ01XJKB";877
"BDLF83QU";878
"IX0PWNIW";879
"C5ZAUXVZ";880
"VZG2LCVX";881
"J0X650XR";882
"UWIUXKSS";883
"VLFUHBYC";884
"1H2Z7IM3";885
"H4DFB0MU";886
"Q94R0VWX";887
"NZOZE8Y8";888
"755XLC5J";889
"XDA7ZBLE";890
"EKIX1QIC";891
"KTE773HF";892
"BXYU748J";893
"SC00A1LA";894
"1CHWFVYW";895
"3HP85SNM";896
"4XW0KBSY";897
"5TIK1ZTD";898
"OCJWKA46";899
"57U2TOYX";900
"37HAH4VN";901
"T0O76A9O";902
"O8MAHDLE";903
"QT7XGH5B";904
"WRVXIMJQ";905
"U1C0VWID";906
"PHJYANDG";907
"RG2U4D9U";908
"JQPDU6RL";909
"CNIOAKZO";910
"A07WIRTA";911
"DIYM90TF";912
"2RI83A4P";913
"BI33VYKF";914
"R4ZY0BNC";915
"AQY4CB0R";916
"4WR93BED";917
"L6I1RYBZ";918
"USZ0OKK4";919
"70YNSHNP";920
"YU3XM7DJ";921
"F60K1SO2";922
"2Z0RC3VC";923
"16M6CPFF";924
"GHGID40C";925
"DDE4NVWS";926
"CXECCZC7";927
"15UUBNFS";928
"GL1GE8AP";929
"LI7KME5R";930
"FSG4T44Z";931
"4U0NP95A";932
"BG2Y0VZR";933
"DF2I6DID";934
"EVSO0O8B";935
"K47DCQD6";936
"958696UA";937
"V1PZRAIN";938
"N79P3WXB";939
"2VS9U6QJ";940
"GL6SBFJK";941
"BQEVYSPG";942
"HH8JW8FW";943
"POXYI1G0";944
"Q10RT1WK";945
"8NWMSVRB";946
"T3M6XIYV";947
"KSWSLK2U";948
"ESVWC1FQ";949
"VD81XP1S";950
"O575K1NM";951
"55UCZ56C";952
"UHW8VV0D";953
"X3AM9T8W";954
"PSYOUK62";955
"3QL4G35Q";956
"YZ4J42NE";957
"I3XW7PU5";958
"EXZ5C2XK";959
"XR8TI6YH";960
"INGLO0BE";961
"SSF4EKN1";962
"V3OI9P17";963
"FI3P3EKW";964
"2OF9ZPZW";965
"ZLTNOOLN";966
"D8O777X3";967
"D74Q1C9T";968
"ARRYEKFK";969
"S7MADXK2";970
"4IMDD1N8";971
"PPGBVD6D";972
"R3NHB08X";973
"PEG5NI9G";974
"2KG0QRBQ";975
"AHKEC43U";976
"6DC0WUKD";977
"IB358L82";978
"QOEHXFAA";979
"B86NZ226";980
"KC88K0VJ";981
"TZMQZWEW";982
"L3TAJT6N";983
"HQOTT34H";984
"OX0QPQKC";985
"ZE98PANB";986
"27WW4TQA";987
"FONIQ13Q";988
"Q7EC81DI";989
"RD2XC6QD";990
"JHSSC2IW";991
"BY35G4OE";992
"F9XSMIYJ";993
"HJ11NJ6C";994
"M5HBI2L0";995
"6MW2HJY0";996
"XCCH0A4F";997
"LSWUDX2S";998
"RIVS2H3X";999
"BTUFFXR8";1000
"AVJGT4O0";1
"FMFUDKOW";2
"9U6VJYCH";3
"AH6SZUIX";4
"11CPNHCH";5
"I0EVUMRL";6
"6ROU3MQR";7
"FG4M7U0U";8
"1S6CCBEE";9
"Q4J94P79";10
"I76P5KHU";11
"PBGFNLF3";12
"91IECNKX";13
"9OCXJIPF";14
"I3HPJM66";15
"HNJQODZW";16
"LD76NPYW";17
"3G47GUKO";18
"HD3FHBD9";19
"WPWNMN3B";20
"FJY2WYOR";21
"YN1KPMAC";22
"T30IUOOV";23
"M2VAW5GH";24
"OHS3H21B";25
"32VASQBI";26
"KKASP5H3";27
"EB9N4ZC2";28
"7SOJRY23";29
"RQ152QNB";30
"VOVBD8EX";31
"D81XUJFS";32
"WZ41KEBK";33
"M2UZLM9O";34
"FM8EGYZH";35
"R6VVBOM2";36
"FH58T1T8";37
"N0EF0J8Q";38
"PNL3HLLV";39
"0GZKZE3K";40
"774WEZM9";41
"8LSUK8SM";42
"06BVTK2P";43
"77BVXRKP";44
"JU4S41AB";45
"OF5Y77AT";46
"LVIH62UT";47
"B6Q2NLKZ";48
"4BUMNCBD";49
"ITUMZ57N";50
"HZBCJ0OA";51
"B14M2KUF";52
"PJO7TKNW";53
"WPX4MWVN";54
"XUC8MH64";55
"9OLKVJUL";56
"94KEX616";57
"QRA6QBE2";58
"MEACHWIK";59
"8824JFY2";60
"DEUPCME0";61
"ZXJFJF8S";62
"IH80E8H1";63
"Y9UWG71A";64
"4BFYS8LF";65
"ELOMF88Z";66
"EGKZCZ13";67
"KOGW72MY";68
"4F90IVWO";69
"SZ7J2CMD";70
"H13TLBQS";71
"ES3OQGBT";72
"QLBA9ZZB";73
"F4WM3U0X";74
"CT6RS596";75
"JUQWNQIH";76
"7W07JA72";77
"1J8JZYK2";78
"6G37LDFN";79
"A7UDDVJG";80
"GT75CC4A";81
"JCWOMMC4";82
"XJZB8SHQ";83
"XOGCMI9V";84
"MXJNNZN5";85
"T6XJESR1";86
"GKDJ9K6B";87
"TEZ12PQA";88
"5JRYFIK9";89
"NPC8BOU4";90
"MJOLDV8E";91
"JUL9FKPL";92
"DA7IDESH";93
"7QFB794X";94
"QCSPCYDY";95
"JE8M76QP";96
"8QKS3PGP";97
"7VG7KAGC";98
"ZAMHGSWA";99
"D782HH3F";100
"C2NJRS19";101
"KG4OMUVU";102
"A0VXF3NI";103
"ZOBOTQFG";104
"NAE2P9PY";105
"X4OPM14F";106
"6GPDHBG2";107
"ZT0RRW82";108
"JWHU0BLG";109
"PAMCOOE1";110
"MLVV40ZD";111
"3SM3T2CD";112
"388G0Q1M";113
"5GD2MRZ1";114
"97JLD9YV";115
"1TARM2PX";116
"NABJ0W4N";117
"A9ENRTKP";118
"YXR2VFWX";119
"HAC6JGYK";120
"4ZXZ8EZF";121
"H8AQNCO3";122
"OB19WQQF";123
"BQ2VIF47";124
"IRGPVTB1";125
"BHD0TPXN";126
"6J8HHCKS";127
"U6RNHQI1";128
"253XUBZU";129
"VCWLN8J8";130
"OU4L2CUY";131
"W1DY93U5";132
"XT59HA24";133
"53JJEPHK";134
"TCS0D45N";135
"KRC3R3EV";136
"D6TAHD2X";137
"I1ZHJ38Z";138
"CKMHQX7F";139
"2HVPUAWS";140
"9TXPV859";141
"7PO2ZQE4";142
"MQCYDB72";143
"96LQNVFI";144
"9FBOVXJ7";145
"E9ANYJBA";146
"OHJS9SG9";147
"RA72520J";148
"LZD8XEK1";149
"KE4O6SMJ";150
"16O3RZR5";151
"YJJKFCO3";152
"AZ15SOCT";153
"BOECYXNU";154
"BYPZ2A8U";155
"UOSMU5YW";156
"S069BR0T";157
"PXEVPXK1";158
"6MJAUAMZ";159
"VVVK1ETN";160
"6QB638Y9";161
"125J4T5O";162
"SCGP97WG";163
"93YJ61A1";164
"IPL20BIK";165
"JRCQVGEW";166
"67MQOX9J";167
"1FWJSMAU";168
"MGJIGJP7";169
"S3INKL0W";170
"7V90MD6Y";171
"YIH5RO3X";172
"SID1R1TG";173
"BX3P9EJO";174
"HVZQHWWW";175
"YEF0NCUZ";176
"WT35MY7A";177
"BQIMHJSN";178
"CSPBNS6P";179
"Y3Y1MQ2C";180
"N3LQIO53";181
"QE7QRBX5";182
"6S01QX5J";183
"GCX5VV4X";184
"XQQRFFKV";185
"Z8CGKX30";186
"LO78BW2K";187
"XHU1OUBN";188
"GE7QX4UM";189
"L8IHCBFZ";190
"ZY89HO3U";191
"IZ724DLS";192
"8WP9KE5N";193
"6SQZ1O09";194
"E84ATYVZ";195
"9FU52FKT";196
"DGAY2GJF";197
"50KGQ4ON";198
"KGF9YDD6";199
"7AJ73E7P";200
"I1WWI8TN";201
"DTN8A7U9";202
"01IBT73A";203
"TXO428N7";204
"GM8X4C9B";205
"9JO7RB5J";206
"8TUT4PNB";207
"OIL7ETQL";208
"4T34XOWU";209
"SFZV98BF";210
"7BNTGI1S";211
"GBQQ01HB";212
"O7MFSFZT";213
"85CAOFJO";214
"5PP0DKJ9";215
"L49ZBSL5";216
"4ZP1MD10";217
"CMHRWD15";218
"LCMA1APY";219
"AK3JSUBI";220
"5SQ97YBU";221
"22QNCVCK";222
"H2QXWIOE";223
"RL5Y0YEZ";224
"QUX5QTLD";225
"M77VP5BN";226
"5VHADLJU";227
"9MGJ7S88";228
"E0WDBCCV";229
"SPJ16VY5";230
"NX3N3SCG";231
"GDIX4EW6";232
"ZX6K3H2Q";233
"R5BBPYHU";234
"VGMGW6W1";235
"8LME5IKZ";236
"G7IOVD1I";237
"7VW8IW5J";238
"8QG4YA88";239
"I7D2IX3A";240
"ABT1VZR3";241
"4TZYO52O";242
"R1T71URR";243
"XWOQQO8W";244
"7GXH2XA7";245
"O4DHPAAV";246
"NSM8BS6O";247
"0FB0MDKJ";248
"U76UF8NO";249
"N3142VLK";250
"UNIFJ07L";251
"EG4ENWL0";252
"AV42LXXY";253
"UVZLHIF4";254
"JQIJ2S23";255
"YJD0FABT";256
"WYOZZYKS";257
"DIBRXANX";258
"BZV8G5OH";259
"JT165SXG";260
"4LIU86K4";261
"K5HNFB48";262
"HLL1ZVHF";263
"NZ5NZLRY";264
"EP5FJN7G";265
"NDY0RV2O";266
"BCVT87QM";267
"INZCX4DN";268
"3FOTBM8H";269
"0ALUBTGA";270
"17WRLBOQ";271
"LYPW1OK9";272
"CE93FHO5";273
"PXXCWKYW";274
"8OK52RN5";275
"OYMHISWJ";276
"XPJ3MQ5Q";277
"73F0OPK3";278
"JNLXCDT3";279
"YBN2FYFY";280
"YHGXFZJG";281
"QZQL1P17";282
"BNYN6BF3";283
"7HOU9SFD";284
"1DTVLQ0W";285
"2TBQ8JD0";286
"10DQU0GW";287
"KD7VX40A";288
"TP5SRU3N";289
"Y6R3DAMO";290
"SXP124JB";291
"UW30LVM1";292
"4FX5KEQS";293
"B8JJMVIT";294
"YO0PUMAE";295
"L5XUXAPV";296
"X30064RP";297
"TA061GQ1";298
"IEEN8O06";299
"NGFLRUX0";300
"QBUTEOBU";301
"DSMSOIDZ";302
"1ID11CM5";303
"4X34DAD8";304
"059R97DK";305
"0CDFJQND";306
"GD6558EN";307
"OBT90HOH";308
"1AD2BGFE";309
"N0K3OWVN";310
"HLSKZ5KC";311
"8XKU68EP";312
"VDSXDNV7";313
"I03QZ7QD";314
"8TQUG33U";315
"9D1G4R4W";316
"FC8O6ZN7";317
"OA4UTUCH";318
"KCMN04LH";319
"YLBKZUEZ";320
"0HJ2DWVD";321
"JXT5CNEQ";322
"NGDQ8TRV";323
"DSK45OWP";324
"T2RUFH0M";325
"04Y2YGOX";326
"BHQM3EXJ";327
"09XZHJKL";328
"P6HHZVVY";329
"6QIX6IW6";330
"731NM2CN";331
"TVNKRSAX";332
"6JHWFKA5";333
"KONCCX75";334
"QI0U6ZX5";335
"2SBV5H10";336
"JV6D34WV";337
"IL56SV6A";338
"GBB0GCAR";339
"XB6OZY99";340
"FMQMYXI3";341
"4YUHR2RT";342
"TL00ESO9";343
"27DYNOWY";344
"W0U5DBQ3";345
"WXXQCUMW";346
"460YYPUG";347
"0YB1HUKB";348
"P0W7T8ZT";349
"S42CW4BC";350
"V4JZRVQL";351
"IOFXIHOL";352
"4UIKG1PT";353
"42EC3CW7";354
"NQGZLHTS";355
"D6TNZN7Z";356
"ZRGW644C";357
"49UH42FA";358
"TDQELSGX";359
"ESICLJLJ";360
"SE56WZH8";361
"YDOOG91G";362
"SQ92F1A6";363
"9BCOTAMD";364
"J1484RMB";365
"LTGP0HZ3";366
"LX5NC7JS";367
"0KSMRREC";368
"P5BH82Z9";369
"FXCLG8X4";370
"Z4RFUG4D";371
"HMSTZRWO";372
"2UM84L62";373
"0IWWIO4V";374
"5RL9SQ8N";375
"XAVEDD74";376
"7EUFRA6J";377
"KWYMXJQL";378
"TNL2RDGS";379
"1EMHP9GC";380
"NQTZ710C";381
"53QBS1YK";382
"5POZV0PO";383
"NC5ERMRH";384
"ZLQKV6EX";385
"APZDJAQR";386
"1OSSTZCD";387
"XCCH249Z";388
"Z2HMF2IH";389
"XIZT9CWY";390
"3I98XA20";391
"TP4LBHTG";392
"555JXTUE";393
"G9IBSGSB";394
"QP5RFIR0";395
"6062ET2X";396
"3P9G94SI";397
"9ZVP9ZLJ";398
"0OC59FM7";399
"GC6Z2FBM";400
"ISH2NKYL";401
"70MN5QGG";402
"3VPHFQZP";403
"1YZ79A6X";404
"421YK8ZD";405
"PR1CDD6P";406
"4MOFTWZS";407
"E7SVAZER";408
"BZFJE64X";409
"HFYLATI0";410
"FMNZAK68";411
"IK51NRJX";412
"1CUOBLV3";413
"Z4JJOBQO";414
"VTJ714KM";415
"FZ9LSWTI";416
"V84GD9T4";417
"B1DAOMB3";418
"8VULBA12";419
"91DDEE6L";420
"DECLPWJN";421
"RWERFMPM";422
"IOLQ84L9";423
"LZNQFEXA";424
"V1A88Z90";425
"L3IAJXQT";426
"ZD4TLDR5";427
"BP2ZY9U4";428
"J8WAJIOI";429
"7A6TGPWL";430
"QH3TR5X9";431
"8LQP5C1Y";432
"Q72V5RB7";433
"U5UD0RQ2";434
"4GWV2IDX";435
"GQEENRB2";436
"X3CXZHEI";437
"37ARQ3OM";438
"1YF3G3DS";439
"UYOI136P";440
"LDR0DK4Z";441
"O9X3HLNS";442
"K1AD47CB";443
"HA8813QV";444
"0VAHDOLT";445
"XX3NQTY6";446
"EA48IWIO";447
"0IEUBQW8";448
"ZPXWDM5S";449
"ZTZNIHQ4";450
"KN8DMKUT";451
"JWQLTL0D";452
"Z1G7KBZW";453
"J7AL5ZR6";454
"S3DC6DOP";455
"4BMIUAUC";456
"LS36SJA7";457
"NOTB0IHI";458
"AC7YKAV4";459
"LFPP0F8Y";460
"YK0N3QZD";461
"Z98X1DMJ";462
"6844Z8PZ";463
"56JTZIUV";464
"2IEDYZBP";465
"GW0LGIFZ";466
"2XR78I6E";467
"CY1CS5NS";468
"ZSZFZM0A";469
"V5Y6R5NV";470
"J9Q1FER9";471
"64GE7FR9";472
"QBWMVC13";473
"7EXOVL00";474
"UKU575FM";475
"QD5RMHVB";476
"4G3NGUFQ";477
"JS8COA7W";478
"UY43RPIT";479
"66YN7BYE";480
"CLB9U3R2";481
"KGI9VHQR";482
"9QFY9HBT";483
"W2MD5Y65";484
"PGOYXJ1B";485
"9BLVADQX";486
"6JC8SCYT";487
"19SAHT12";488
"YJNPYIIA";489
"7NSKSPWK";490
"94K36S65";491
"Q2ZLBRO8";492
"QOC04R8O";493
"ZU81L8KX";494
"BWZMDBNQ";495
"3BCNLTSS";496
"97I1EGHQ";497
"8OXJDNSR";498
"AM9IFP2T";499
"ZUS2PKF5";500
"8ZX94TUA";501
"XDRWSD5X";502
"3GP7YOL8";503
"TLL9DM5A";504
"CQ2P0HQ3";505
"5XKV2PM9";506
"5TTYRIIQ";507
"MYPRRQ0P";508
"HJ4L7Y5S";509
"NA6W5II4";510
"9Q9CYERN";511
"CZ5MJ21H";512
"J2TW5QPS";513
"C64KPJ7U";514
"CPYW84RU";515
"KXJNIQUZ";516
"IJI5S0JX";517
"376IBQG4";518
"OO5GPFPI";519
"WPAJG8QG";520
"ZC6Q7DTP";521
"75KOE2MG";522
"CJ7PNW6P";523
"8YAMJGX4";524
"50QKR70G";525
"UVDFGFY0";526
"2BPY98UV";527
"VFW6PC9P";528
"8CA2PQSK";529
"MKEQY2NY";530
"E6YXTQW0";531
"TKRV9AJI";532
"2WKZ4VWV";533
"Z3A8BLWO";534
"GKY7KB0Z";535
"8P2KZMAB";536
"8L798IOQ";537
"R7WAQR4Y";538
"SGUV7AVT";539
"HEN3TFO5";540
"NUZNZQJH";541
"YEDAB7T8";542
"XXZPW4O3";543
"HBFDSSTW";544
"M49HCIU0";545
"7UIWH0VZ";546
"9WI2NJQA";547
"85D2BIJ5";548
"PS8EZVMN";549
"FOD493UE";550
"LJWV522B";551
"2BFX8P7O";552
"HNCPOB12";553
"KWYSBYJ8";554
"5315ADSA";555
"L01M11R9";556
"XV2OOSOQ";557
"4CCEMIZS";558
"ZGZJF412";559
"9NEWR9BG";560
"5WBUIXM5";561
"LS50XMEF";562
"GGFE5D0A";563
"5YK71YG4";564
"TQHMJWCJ";565
"CU9XLS5U";566
"2MM1VXDD";567
"N8W7KLKC";568
"2M0ESJEQ";569
"7DB6BEJU";570
"XI03WR9C";571
"VT6SGAB0";572
"IG9TH59X";573
"ZO0ZTFQT";574
"7Z84RC78";575
"SUMRL0Q4";576
"589YMBRA";577
"69Q7BYC1";578
"5DG5JRYB";579
"VBQSJ55P";580
"Q93VAILT";581
"3JV1AM8V";582
"TMLQTK6J";583
"JQKMAXAE";584
"OHETAO0I";585
"NHCKSPPZ";586
"N6KKF8P9";587
"8F99FUIH";588
"9IIEZ95S";589
"3W1MTL7A";590
"GWGPIX7S";591
"YM20FMFF";592
"XK6B76TW";593
"HM444PTZ";594
"R2PHBIWJ";595
"8SOV3JH4";596
"NE7SVWZ5";597
"UT0FBS19";598
"V0R2XLM4";599
"VPI3WDWV";600
"PUB3ZEJE";601
"J2GDVJ3P";602
"MPPZ9F7T";603
"NZLI261C";604
"1M13ES4N";605
"9SYI3QQ3";606
"QJHVWRED";607
"I43H8T1R";608
"03GYP3XU";609
"P5G0EHEI";610
"ONI515ZP";611
"FB8MWF8C";612
"QXHP53AF";613
"T585OKMK";614
"H904G2NS";615
"XVT5879T";616
"K2XPP3NC";617
"ZQKA4HF3";618
"Q94I3678";619
"J32H3UT5";620
"5KBNICIU";621
"8NXEFX4S";622
"MQKAQPIF";623
"EG3PJRM6";624
"P8FM1PSZ";625
"WOYPKMQF";626
"703SY85J";627
"9CRI45Z8";628
"R2FAXEW9";629
"DKJS5B3O";630
"F3488FJV";631
"2KHPCUPR";632
"TQV6TS5U";633
"GMY4VWR1";634
"MEBK46DM";635
"71C0O165";636
"CT9UP4AQ";637
"MP7FZ03M";638
"H8JELUWH";639
"YLCCN6FS";640
"LUUD6BHM";641
"12B98ENR";642
"RQ7OYIR9";643
"IYQH6IZA";644
"Y108BLDC";645
"BTOUVXDN";646
"K1MLT0DW";647
"L8SS1AO3";648
"OXO77BWB";649
"NF5GRG0M";650
"WRTGF5LD";651
"K19XDAQW";652
"28G1GYD5";653
"T19W4BTG";654
"75MQ32C3";655
"6OEL2C93";656
"ELIEF3US";657
"N7QOA4YA";658
"UOAVMWZI";659
"ZGU9IZKL";660
"JCNJM0BY";661
"RRKMH6MU";662
"KTPFYDSJ";663
"6PICTUZG";664
"6I0MXH0T";665
"1E83X8XM";666
"C28UDAV0";667
"0YSTQQP7";668
"7R8GTB94";669
"OGVENKCD";670
"NW0P14ZQ";671
"MGCLKPUK";672
"GY40KYFO";673
"NRF7U7UG";674
"JEWM0518";675
"JZKIRKYC";676
"DYBGAYL8";677
"ADB75JHR";678
"554R53JG";679
"HSZ572GE";680
"T2AE904V";681
"FUFR6YUT";682
"4EALRSY0";683
"P1FE0HAR";684
"2ELM75UL";685
"9D7ZDZW5";686
"4A990MHL";687
"P72DIERG";688
"53PAWCL5";689
"C5MCGW9E";690
"XUDEOOJT";691
"1F3QYW9Y";692
"GAYRPBPF";693
"PUT8QLO8";694
"2BH2EMTA";695
"8JLTJDXQ";696
"IHO6UIEA";697
"C8D2H121";698
"2TQ1VNV4";699
"WA8OFE1P";700
"EEFRZ1L9";701
"O2VGG4GF";702
"2DO4OMY2";703
"LP0DHWI3";704
"DPGUXF3G";705
"M9S26MEE";706
"A4OA32MO";707
"B5OMLTVD";708
"XO731YV5";709
"RPW33IF9";710
"137407W6";711
"XKIL6SLY";712
"8ZGK2627";713
"GILZEYWC";714
"PJFM0VPL";715
"4G8MZ7PV";716
"TERVHB8M";717
"8DNRGB1S";718
"AIMRP2XR";719
"8LPKPUK6";720
"CFUHK94K";721
"RIOR8R4F";722
"IWUWLVBW";723
"PSC1US33";724
"BH5DC88S";725
"5T4TMF6R";726
"CYG3JYE8";727
"MV6SVUGX";728
"RO1S3BFP";729
"82GC99XZ";730
"NIZYPX9L";731
"O35KYF97";732
"MFIBI33I";733
"NA91OP8A";734
"XWCM4L5S";735
"ID0WRMGP";736
"GC8BIUQV";737
"UVTUM2N6";738
"N6X2AGYR";739
"NEVBJ3HM";740
"7MG7N2O9";741
"1K5Z0Q8U";742
"XY3WN0NP";743
"TWEOJOO4";744
"NMOYORI9";745
"Z63WJCFY";746
"RE6J94KC";747
"EFY7UVS2";748
"769FF8YO";749
"4Y3YP12Z";750
"5OQQVSEZ";751
"3Q0CRTN8";752
"X7ZWL8IW";753
"Z0IC8GY6";754
"T1QJZE36";755
"PHTV6R4G";756
"ZI3POESA";757
"2JS7YGQ7";758
"38KGVXMK";759
"UCOKBVXA";760
"ZS0V4JRT";761
"A1HQ9JSH";762
"PKYRZKIE";763
"VQDBNFNP";764
"C3ZHO5RS";765
"D2I2SZSQ";766
"VMCIYAA7";767
"LIUI55I2";768
"7AU9URC7";769
"94S7I4DZ";770
"5QVA0MH6";771
"5QN8BW0H";772
"UP8465YH";773
"ISP1P7J8";774
"IF7D6Z94";775
"AOCNKBFK";776
"TCAHUDIO";777
"AASG0Y4X";778
"Z02JU64Z";779
"J9P7JD1U";780
"XHINZH4Y";781
"1AHP4GNZ";782
"QVVEF6B1";783
"QVOZ8U1F";784
"R4KAB340";785
"9RZEAC0O";786
"3WRH1Y5E";787
"TBMC1YTP";788
"8V6IA3FX";789
"16UCNWSA";790
"8VNSOP9K";791
"I3DMG9G5";792
"4AVBAX6C";793
"XQ4O2E4G";794
"5UIKGTYS";795
"DE8R5YD2";796
"ZZC62J97";797
"ZEB73KLX";798
"UY84Z0AJ";799
"GULCSG97";800
"18XDTW64";801
"0NE3X79V";802
"5YKHCAKR";803
"GT659PUI";804
"MPS6K2C4";805
"Y5WTOOG3";806
"3PIBTKTS";807
"PTWMMKOB";808
"HXPTMDFE";809
"A8FF94RU";810
"HQ47WKDR";811
"QW6S60QR";812
"VAVVYU2B";813
"3Z8L57MR";814
"I4ERRVEJ";815
"F4KF9T70";816
"2MJ1E63C";817
"V81XC8LU";818
"ROEDS15W";819
"J2TJL6R1";820
"K0374PD6";821
"U58BWXCE";822
"MNMP1RU9";823
"1DWMDI84";824
"T5B8GRUW";825
"J2F1HLYZ";826
"PLJT3M8D";827
"JD059RQB";828
"C0WS8L5I";829
"T7SC699Q";830
"WE72CM3J";831
"PRB58OE7";832
"W9BZ97ZJ";833
"86QQW5UX";834
"Y7XF3X8C";835
"79NLXXZG";836
"RFQZDG0X";837
"TOG0G7AL";838
"DIJV2KSU";839
"948AY4F9";840
"BJENT0KI";841
"8U4ZLAD6";842
"T728M2ZD";843
"XHBLZUOP";844
"YQWEAI2N";845
"41SERRIA";846
"H0MMMZFT";847
"NU7YQ816";848
"4XTWZOLU";849
"713VMJUJ";850
"XB7VOA8G";851
"O9KTV68I";852
"MIE7DY3A";853
"Y03UXFXS";854
"X4CTXKQN";855
"OH2NWIM6";856
"IQB6C7VS";857
"3UJY0G3M";858
"GNDXF6LZ";859
"PNN0GSK3";860
"93H07Q30";861
"SN53Z30U";862
"WGEZ0N2R";863
"9Y4XQGKU";864
"X6RK9B77";865
"ESTZK4IK";866
"581SMH6E";867
"6T8705HC";868
"Y7STXK3P";869
"9NDUKCLH";870
"M0X3NZSK";871
"6XJR3W2X";872
"MJGI9QSK";873
"XOMREYXQ";874
"T3M6U95Z";875
"Y0T2V8KL";876
"F2MQ6DSG";877
"Y2OUCFUO";878
"3O353QZB";879
"BSDALMQH";880
"TOCVBZ9P";881
"NU1FI6A6";882
"8INFXKEL";883
"V4FPX026";884
"PVJNE4QT";885
"UXKSNRW7";886
"VVROX1DG";887
"J4FAYUHE";888
"VWL6U57K";889
"JN0HLZ8H";890
"DPYCPTPG";891
"A1IEQQ9I";892
"W25LDUCW";893
"JADWJ508";894
"RG27EVA3";895
"XZK0M2LD";896
"TVJCQM0H";897
"RLSW48AW";898
"2WC86LVF";899
"HP590FO5";900
"NALCTOH9";901
"1MT6KRTN";902
"LWR6RLET";903
"6EGO1J5R";904
"OL3SJH20";905
"EKCZ0FT6";906
"U2C9AOMP";907
"R6JHLG06";908
"95LC3UUF";909
"Q05E6WAG";910
"I61T41UO";911
"1FBBPSHU";912
"3J3K97B2";913
"IMNDIYB9";914
"6HYVHBFI";915
"FR1KB1UM";916
"98407W56";917
"FN9DC443";918
"AQ9IFLGE";919
"9DCCK50D";920
"J8MJQOYL";921
"79K8KP2O";922
"XD79M7JI";923
"EJ5ZFNU8";924
"OVY0FT93";925
"ITAW2A8F";926
"AS3JE9BU";927
"3247XX78";928
"E9VYKJT0";929
"AOKER37Z";930
"NIFTKKIN";931
"O13JZEOK";932
"ZLT3LZTK";933
"WHFO7TNB";934
"1VPCG3TK";935
"WI2LWSXC";936
"DNTD0U11";937
"U99LA1YE";938
"2IL86OUR";939
"MR4GAVT9";940
"UXRNEWAB";941
"U7VE75JR";942
"7AMKTYF2";943
"64302EJH";944
"162T6KM2";945
"IWB0JXD8";946
"2JX8RJX7";947
"G3OY807S";948
"H0MWBLGM";949
"DJVF1QES";950
"4LWBN2BG";951
"C0LIL7JG";952
"GQOUNFNR";953
"ADB6Y1RY";954
"2PFP00KV";955
"XVRD4W4I";956
"WLV8WJDW";957
"52ZN1ZYO";958
"PPPKTD1S";959
"KT35VNDW";960
"0QJTKWS4";961
"1FLBTDJ7";962
"20YZZ2VZ";963
"K7DX6IIY";964
"S9XWPMPK";965
"W9SIAH5R";966
"6BV2MRCK";967
"KEZZNHF4";968
"5I90NM4M";969
"ZHV78KA4";970
"CUARGUGK";971
"EOR863JD";972
"ZA9NI07B";973
"0SUU865E";974
"L6R3E6N8";975
"QEOZ6MGC";976
"PBSBD41S";977
"O6NR7ZU8";978
"8BGES3ZU";979
"84KNZPRN";980
"7GD3419V";981
"1F7LAPLY";982
"NXIJNQOO";983
"9FNOO27N";984
"OHZI7P9O";985
"LER74M96";986
"PBNK03K3";987
"YAJ7LMY1";988
"YF21HAZI";989
"G01BPN6Q";990
"60IWYTWH";991
"4KUIUZ7C";992
"Q8ULFQ8Z";993
"CZRNFSTC";994
"OMMB36NP";995
"IKIWZ7QX";996
"XX8YLH4B";997
"HWDN62DM";998
"A7INB9CH";999
"H598B9XZ";1000
"HJEDLNSC";1
"G5NL0WXJ";2
"YWFECVRO";3
"B7VFGKIG";4
"O98XKHB7";5
"PFNU3R8W";6
"VAJW8UBV";7
"4MZTHBIE";8
"D0L4VGUL";9
"I8UWLW2Q";10
"M12FN556";11
"C75OU9MX";12
"WX2TNON2";13
"5A3ELSFX";14
"TB1U9URH";15
"OJS5AUVC";16
"ZITTODUT";17
"T3YE2OVU";18
"TGQN9L08";19
"9AVR6BKO";20
"K4IGCKHW";21
"SDWJ55C6";22
"AO65XW6E";23
"XEVHZ8CW";24
"KYYEMAMO";25
"BSJPHOL1";26
"ADP30Y2A";27
"92V33SCL";28
"MBU6XJDG";29
"SJ0Q4OTH";30
"EJ3ZMDUF";31
"HY9683Q0";32
"YD2XHRS9";33
"4NXX66KL";34
"JYEE0DU5";35
"BSMGO3WT";36
"S6OJCI2X";37
"J88HP15S";38
"5HGTCOTU";39
"Q8PWTPR3";40
"PKHRBHIY";41
"NT6LMY6A";42
"7V3SCX7Y";43
"82QPYNGG";44
"4U5GV9RO";45
"6OFFAY0M";46
"JIJ7R2XG";47
"VK7FR0K0";48
"Z7DJMT0O";49
"V89D6F3G";50
"9IMB6GZZ";51
"98ARVFWL";52
"MOK921G1";53
"QKLA0IVE";54
"M2BMRP6E";55
"3EXD4MKM";56
"YR5GBSSJ";57
"8KGSH1XB";58
"YXGMD1GI";59
"S82YF21N";60
"A1TE2U70";61
"QG1QOAVY";62
"8HUZ1DFY";63
"F6M6366D";64
"R07RZIET";65
"UWMPXKSJ";66
"03KHNUMD";67
"DFOR8829";68
"9BRACK8D";69
"CHQDRDLH";70
"ADKNLLWJ";71
"28OJ6EPN";72
"CNZOCTDF";73
"DLBOFKXE";74
"47STAICU";75
"ZN1YOIVM";76
"N3IC1ASL";77
"8AEMI22G";78
"HP1W57TV";79
"FCAOY4F4";80
"6FMK23XB";81
"BJ9XLINC";82
"X4L8PUQU";83
"KQ0BSRYM";84
"18VPOLVO";85
"64MTRMV4";86
"R7LXPNPI";87
"U5ZTLDED";88
"HXBEF00K";89
"8JJ8PKTQ";90
"MW28IZLQ";91
"NPPIUTYN";92
"EOPECJXE";93
"DVKV31SG";94
"S3CTSNTY";95
"S0WTPP1O";96
"UQ7JN5G8";97
"WK0CU2NL";98
"GBL9FHSL";99
"GAGD52EY";100
"ZXI5JIFJ";101
"9YATFGG7";102
"GH19DZQP";103
"YNUZI7X3";104
"HMG2O5Q3";105
"6X0OUHI4";106
"9QDZ5XS6";107
"UG1T2YP0";108
"BP8LVBSK";109
"15EGXO71";110
"SL8DTTKS";111
"S863VACF";112
"PJE0PT14";113
"VGK3RH23";114
"YFX7MLPA";115
"OC247W17";116
"N2E08OGI";117
"E7ZQSC9X";118
"19PBM38M";119
"WEZBNNMG";120
"OEIU4873";121
"557HLLYB";122
"GRGQ30GE";123
"A2WFTJ91";124
"NABMVOWV";125
"FQLAPA6C";126
"5YT3YVZN";127
"NHA69DDV";128
"N1MTHLM3";129
"5ESAJ1QB";130
"6C2OAUDD";131
"075NMQC8";132
"S0K5WWDR";133
"DTXJDISN";134
"XFBTBXCE";135
"OCYTDYIO";136
"LPOTRISH";137
"CPCVJJHB";138
"Z5JMZJ4J";139
"IQVN46H2";140
"45PNLRQU";141
"O45ECA5T";142
"S570R6ST";143
"W8IO8AFJ";144
"U4XBHQFA";145
"YL2II5L4";146
"6G77MW0Q";147
"N9B02P4N";148
"HPTJTSAQ";149
"1C8WZQ3K";150
"AN54FUD5";151
"0VT6J4XI";152
"O1LCZEDV";153
"GKR7V7Q6";154
"233JENHO";155
"0WVB0CC5";156
"7K74K31Q";157
"9FHRKDLP";158
"63SCZ85E";159
"PRA7PXP9";160
"4DIPIJGJ";161
"LV2LWRD9";162
"3ZYJVP50";163
"O829FNSD";164
"7EJ98CO7";165
"9VT0U7EJ";166
"SBCXBAXK";167
"70USWWHV";168
"FXY9RFME";169
"056HJDPU";170
"W8PZ2DXW";171
"U2DUZIKZ";172
"QGWTX07F";173
"4CBODY5Q";174
"W2VXWU18";175
"J2A09IIW";176
"INKM97W0";177
"ZM3006Y8";178
"QB8EVH7H";179
"9L5VCVB1";180
"10VEFOL7";181
"J58X568E";182
"ZZX18JHA";183
"9J98F7M6";184
"X3HUV647";185
"WN9OYZ3J";186
"U393O4QT";187
"3PT8QTP1";188
"6DPE88UO";189
"95YE1BOH";190
"J6IBTUXR";191
"1FEGGM9S";192
"3L214RNH";193
"ZK8KP1XO";194
"5EKCXKTU";195
"2D56BM1L";196
"4FMQN0H5";197
"151YZBDA";198
"Z9R57OWQ";199
"7KCG8Z0L";200
"CPI1B9QY";201
"LGVS0BFD";202
"BWJVZKM5";203
"3WXJHI8S";204
"7ZZSEV9T";205
"UJB9HG4B";206
"FPB31LBN";207
"9GSMVGI3";208
"NAIIHFS8";209
"AGR2YNPL";210
"JPO9DCOM";211
"8LKW96YU";212
"E0O6ZE66";213
"S984FNM9";214
"F7HJYKW0";215
"PYCQAEFT";216
"N00D2K1F";217
"2ZBAW03B";218
"QYUBVON9";219
"X5JK475D";220
"DUL6ZCUA";221
"Q74N4BUG";222
"UPRVSP9I";223
"H6KZ7YJV";224
"GUUAA3L3";225
"YJPL2DFM";226
"0927CIRR";227
"2Q7DKKQN";228
"PYMUIO91";229
"HSX3DPGI";230
"FQB5UBJY";231
"ZI3PXFLE";232
"XZ1IGGCS";233
"6JSSPU1U";234
"2XCIJVB0";235
"386EBEV4";236
"4AV0FVJQ";237
"43M4EJX7";238
"QB2MXIHN";239
"OJUV4KM6";240
"5KLN4V9G";241
"NDA86E4O";242
"RK9AQ5PB";243
"Y4J0OQTS";244
"3HW3UONL";245
"7KERZ6GH";246
"1DCEOXMA";247
"EDBV9BC9";248
"6DSRMLZA";249
"VY94Z6BN";250
"VYVUI59G";251
"JX3TXO84";252
"2XEO6A3V";253
"7UA06K1F";254
"TDYLW518";255
"FHIYWDSH";256
"44REP2DU";257
"GTOLXYRC";258
"WQQ3A9XX";259
"LPJRCI4S";260
"66PLQL1A";261
"N5YK256M";262
"BI5B8EGA";263
"5W1X7MR5";264
"FGJDGKPF";265
"C8ORPGTX";266
"H4DOITHI";267
"CMHMVO0L";268
"QUVYRIN9";269
"XI8WG489";270
"20LPE7UA";271
"LRJPFDWX";272
"M1PC8ORN";273
"BQO9QXIS";274
"MBZMBXOC";275
"LBEJ5LVB";276
"DT4ORH2Q";277
"8G38PI2K";278
"FIPZT2LD";279
"7G22RHR1";280
"3QFMA06Y";281
"BYJLRBPG";282
"EAM85IQ5";283
"TJAJAJ7M";284
"4FLJR6WZ";285
"7M9AHZR4";286
"2QZBI7Y5";287
"3BJDDA5Y";288
"Z8IPVOXJ";289
"4UPG8FU1";290
"MHK1KOYH";291
"TBG4REZW";292
"D2EEP3SE";293
"HCKOMXFC";294
"ZLE22185";295
"PDNJ2QYD";296
"ZF5LD98C";297
"014EENBK";298
"5LE3FI6N";299
"G8WQSBYJ";300
"8T4Q4BME";301
"BWP1F3N3";302
"I9QC26YP";303
"7VJHDVFA";304
"9REXQCRN";305
"UMYPVEPA";306
"ZIFO0RX7";307
"N2GZPSY8";308
"Q8E3A0AI";309
"36FVIPU8";310
"H1V7HGI6";311
"J4HHY949";312
"97L6KY1I";313
"442FGCAT";314
"VPN6F0WW";315
"F9LWXJP4";316
"6OK7SX66";317
"P32B6GBJ";318
"N135Q2EL";319
"16Y8ABKX";320
"TW2FUOM2";321
"FWALBU5N";322
"FOMCKWXN";323
"AET060ZV";324
"9C94BOFP";325
"SEIJS8CY";326
"7UTJ1VVD";327
"THZZ5OHA";328
"A1D06FIH";329
"ZSQOCSSW";330
"BGDD7U2Q";331
"I8I0ZLS9";332
"CGG6UC7B";333
"41HW4SPR";334
"V0JR4GSY";335
"VDPCA00R";336
"R3W2FXEM";337
"1WV0VU3P";338
"T761QNB7";339
"GVVKCLY0";340
"76486A4B";341
"3RJULEZD";342
"YN2ZSWCQ";343
"23LARBQC";344
"SKMS25IH";345
"X5J0230Q";346
"A6I1GTOS";347
"F1J9SNMN";348
"CIQI94V5";349
"SYKVN3MN";350
"YNWDZXM7";351
"P3UDPEOI";352
"IK5L357U";353
"MGPONNCX";354
"XRWFPZYW";355
"1VDIOH9H";356
"STGKMAAU";357
"XPMV9ODG";358
"FYNT6QGW";359
"Q5SIZEWR";360
"LV95UKOG";361
"QJWOM7PC";362
"RGOWHU7P";363
"3DOQOCA1";364
"MQESY3C7";365
"RAOKYJ7E";366
"XYE8YEBF";367
"19QRQDU8";368
"ECXF3PPL";369
"VLFP0J0M";370
"XH14FYH7";371
"I0U82MIH";372
"HV6GLLO1";373
"MZNS9I0Z";374
"K9RRDTRK";375
"A8FN32RU";376
"D6Y8Y7G3";377
"6OFURKJO";378
"M2X7NGCY";379
"GEW9SY9C";380
"FUHNN4NM";381
"UOF9ZLEM";382
"V923XEP1";383
"NA4FY2D4";384
"5F4TYXRD";385
"C0AME6YB";386
"98G9DAFF";387
"67HGML99";388
"Y8OGX37T";389
"5OCYJHMU";390
"FTQ4BB3R";391
"UVG99B0Q";392
"1VJBQ8SC";393
"QX89X41C";394
"HI1TWG9C";395
"X6G4N0M5";396
"EMFV6FDW";397
"5K6X3F9P";398
"GTW4TR74";399
"OLM55E7Q";400
"661K8AB3";401
"DUN399P8";402
"0FDCU4WF";403
"SOOJHLLI";404
"N00ZATU1";405
"FCZ33V9D";406
"SA06YZW0";407
"DJ2TFKDY";408
"DUDD7ZHI";409
"PBP3K9HU";410
"JVQNGA18";411
"1E70WQAQ";412
"BNZ0S5P4";413
"82YYG3XM";414
"FCKO1I17";415
"LWUM5J7I";416
"RB48QEHO";417
"9U2TZV6E";418
"7E6KVGFZ";419
"H8ZCFCZ3";420
"KI4H64ST";421
"QQ4RK29L";422
"6QAMLVI0";423
"8QTAIH86";424
"E4N713MM";425
"RNQS4ZZR";426
"524KY6PC";427
"7Q4EPYAS";428
"P9SUDL9J";429
"7MMIPLWN";430
"BTVDRHGE";431
"NY3QSAK7";432
"OF3VWZER";433
"4KKW4AGK";434
"VO944HRV";435
"AAUF52RV";436
"XNNLHEP0";437
"DOACMGN5";438
"JC8L8DZW";439
"O0UFWQZ6";440
"K3AOREGF";441
"4KWLGYR4";442
"TNCYS3VM";443
"ID5IJU45";444
"U00EL1MR";445
"D0A5H1NI";446
"KAMUKTIO";447
"VPL2SR64";448
"G80AU6ZX";449
"30MOP1Y8";450
"6M6JLDO1";451
"7ORT2ORI";452
"QCPWI0XI";453
"VFTFQ5OP";454
"4HQRZHF1";455
"XSE1GLCF";456
"BA209MBA";457
"6W2N71ZU";458
"1Z40IEGV";459
"KDEUFRET";460
"XQ0MT6I4";461
"NFQLNUD8";462
"HES6R38L";463
"OJ3HVFY8";464
"DTPF98MN";465
"JU4BJS57";466
"895KA9XK";467
"DUQHZ0ZH";468
"4W1OSHQO";469
"QV82GH2G";470
"SONQDGHY";471
"5VUBXHD4";472
"LMLBQJ5J";473
"ID5CE1VC";474
"43C5XDJT";475
"11LWYT90";476
"T1LBBKI3";477
"SM0N7JE5";478
"ZATGB8UX";479
"E0WKQGIH";480
"H92QMQL5";481
"JRW8N174";482
"3BP2MX6D";483
"SK84FV1L";484
"6QDNTYE8";485
"LK31MVUU";486
"UU4VDJ2B";487
"F9OOI4AS";488
"ZJNZ93F1";489
"SLR342OT";490
"PT03DSMX";491
"TDTTWS8K";492
"94PNW34J";493
"Z8LCJSUJ";494
"ON9G0Z8X";495
"WI11C9TZ";496
"B3M5JFVP";497
"T3IB76QG";498
"SO6QC2FB";499
"HI9VV9Q2";500
"8UAP788J";501
"F0QPTFO7";502
"YFQ7FXIP";503
"XUYZX041";504
"ZOJHMIVV";505
"0R1QWLOS";506
"2ZLHVA62";507
"Y66A2II5";508
"A5TSCX6T";509
"28X1PB39";510
"JSJWGIGE";511
"CJ4NBMA8";512
"GQV6G2NZ";513
"J59P8KKW";514
"OA62FOS6";515
"AI65HUK8";516
"HV0IH2F4";517
"6MPPJSAN";518
"R10VDYWT";519
"ET1R65CB";520
"MSRU24I2";521
"9DSSKGAM";522
"VKU3COX8";523
"LUQY1E9K";524
"OKD1IO99";525
"CEIA35SQ";526
"BOFY9ZZ9";527
"FXNQZ7UT";528
"NA427ZJZ";529
"EU1LX8GI";530
"BLVTI1EE";531
"SMFNUS6L";532
"H2IHZ0SJ";533
"HLE4SS0Q";534
"RLDN6FDS";535
"OE3T05SR";536
"O5BHSYRV";537
"SO1JT0PZ";538
"4PQWAA20";539
"ERFIMJ2C";540
"IAGHZL6N";541
"E95SMN3Y";542
"00DMAYEB";543
"X0B17EJ2";544
"B0BMJM9D";545
"ZWE2WP94";546
"VR1IZ6R1";547
"HC6S0DPR";548
"12KKNL19";549
"PHZKD5U8";550
"46PNDQ79";551
"5FOUSWSI";552
"SWZFX5T2";553
"YCS8ILBE";554
"MHLBA7H7";555
"BRWROTR7";556
"LGL4DA7I";557
"3287ZEA1";558
"VCB5GZEV";559
"K1V1RDZT";560
"RQ78KJTF";561
"W6EIQGE8";562
"45DPCD4U";563
"O1C2Z9T0";564
"SOUWLOR7";565
"K614G5A6";566
"VM9IJV3N";567
"VT8C72H3";568
"RV4CA5IM";569
"72REF03W";570
"5IALC8DH";571
"JTZONDCW";572
"DD5GV4RF";573
"AGFN3GWE";574
"5OIYVNJV";575
"0ONZ5DIL";576
"CYE8522K";577
"RWC2VNIT";578
"764QL5CE";579
"V6QMEZC5";580
"SFXW3S1R";581
"23HSUDZ0";582
"KZYPPWLV";583
"RUMFWDNF";584
"278GMJDN";585
"S0DPX50Y";586
"N0DO80WP";587
"N3MN14MT";588
"5WVK7GVU";589
"06GJPVQN";590
"XHL4QXVY";591
"VTJFG4OG";592
"XR72QLIN";593
"3Z0PT6YA";594
"DXTMAWXX";595
"9L5U4EY3";596
"VPJEAXGT";597
"VP6L3WKH";598
"LR8NPDAS";599
"TY2MC4BL";600
"L3BLZ0AW";601
"4SHO0NA5";602
"2JZYVV7S";603
"AYUPRFAA";604
"JM52QVOG";605
"FOM3Z8IE";606
"VJTSMPPD";607
"CE802MWJ";608
"IOB4LJLG";609
"Q16YIUIZ";610
"O7RGW3VW";611
"42N3TBWV";612
"8HN5FHEN";613
"9V1T6QAB";614
"66QDDHEC";615
"263NDYQS";616
"ABQBV6FA";617
"8DLOEHP3";618
"UGTXI6CM";619
"RALO0FJ5";620
"OXSQTRN3";621
"X7J2BVWB";622
"DY04UCAT";623
"CB1338L4";624
"G9FD61XI";625
"J1HV51MA";626
"8YXVBE08";627
"D17T8RW3";628
"RC1R83NU";629
"GHMU2PC4";630
"UVYNPJYM";631
"QZ212433";632
"X5N0WTBJ";633
"TZMBYKT7";634
"4D8IFNHF";635
"JT27YH1K";636
"TFHBEX8W";637
"1GOUBVPM";638
"KCN5CT8R";639
"PQQJ6Q2R";640
"4JAY4V9F";641
"6VXYGTN8";642
"FVHMOCOU";643
"TCIN1PUI";644
"YC999AVW";645
"MDOAC6LM";646
"EKKEZ9NW";647
"0MP331J9";648
"0DYK0S4N";649
"ZTWZRVDO";650
"8NRZSBU5";651
"RDS5EEHB";652
"N2WGTKFN";653
"ZYR5W4JL";654
"8L6T300L";655
"BOUW2MZD";656
"HXZUS9QN";657
"9PTYJW6J";658
"OP9EJ3Q9";659
"MM8SFZV6";660
"1PJA63LY";661
"NH277NV2";662
"JERNSVED";663
"J2E583CK";664
"ONTTTTVQ";665
"E97WHRZQ";666
"VY6KDV7N";667
"55S99SUD";668
"BOSS5QW5";669
"YUO8951U";670
"8XZ9N4GM";671
"AA38HWAZ";672
"P02GI34I";673
"9T8PS15O";674
"MABLTCV6";675
"TVDBCPNP";676
"OQU4BBSN";677
"4ALD3J1J";678
"VKELSLI2";679
"BPZODRTO";680
"7VNCJBCT";681
"3Q49SHW6";682
"K4SRVX1W";683
"WX99HI8R";684
"QUAZ3TK4";685
"VY4CLLZN";686
"91DFX3ZT";687
"3KQ1ROHG";688
"JFPBMWGU";689
"Z4ARQXT4";690
"P4UT29CV";691
"FTR4XZ0J";692
"G3HYPB8U";693
"G2U25Q3I";694
"YM21ECES";695
"XXLW7PK8";696
"M9WS23TK";697
"UEJI0P7J";698
"9J25PB70";699
"DVTVJL5Z";700
"FS2EDORB";701
"YXYTW7T4";702
"34MF5G60";703
"9KR1GHJM";704
"O2U8DJ3V";705
"GQVHFSTZ";706
"FMA5921P";707
"WQARZEZ1";708
"5HQUZN5O";709
"WEU1Y8WX";710
"85IB7ESW";711
"EV5AQ6F3";712
"AZCE7KBY";713
"YXXUWZR5";714
"TQRPV7YR";715
"NHNHW8A3";716
"8JQ9W3Q0";717
"0EMCJYS1";718
"7ZK9KNZ0";719
"B9WOZTOZ";720
"02JEO5F6";721
"DX3PMAYR";722
"3TMWQNCK";723
"GLM5WQBS";724
"81IM601W";725
"30O8LDRH";726
"DNCQT17S";727
"V0SVUZKA";728
"R164X2SJ";729
"1L5RL5H6";730
"IOQ10RTO";731
"SDHQO0HD";732
"N2KR6H0G";733
"W69B9MV8";734
"Y5X79CZN";735
"PYBCU2CW";736
"NBA2FGG5";737
"RFX48HY5";738
"QI1YKBON";739
"WF12IMAI";740
"7EPN3NEI";741
"Y7KQMNSB";742
"LTEHYVO2";743
"CM0ILASL";744
"VF37MRSU";745
"ONN6B7PY";746
"LKYS6Z6X";747
"HCR9MUSJ";748
"J5U1H9RV";749
"1B1X2Z7T";750
"1BRYC7S4";751
"SEQH3MNX";752
"SLV0V3CQ";753
"LOXYPCDN";754
"VVU9VDBF";755
"SFTGEYE9";756
"EMAY8LFB";757
"O7SHSXZB";758
"3ACMIVCZ";759
"2WDJTPXP";760
"MGWD03ZQ";761
"MZU75W2R";762
"L4Q7SI8W";763
"46ZWNT0F";764
"KJCI6KPH";765
"EJ78ANM6";766
"NBU6SIBA";767
"B0UL77XD";768
"9C9A1BXD";769
"RIC1I98R";770
"BNHIEJ8V";771
"WERMF0RY";772
"11RIG4N6";773
"7KVWU1DH";774
"0K29UTYV";775
"7H54KY3K";776
"RR6VVT3P";777
"ST0VGMKG";778
"OL98RJYB";779
"X2ZFMGP3";780
"6TOEFO32";781
"OXCQUVPT";782
"350NMOVD";783
"URRV2Q4U";784
"SMXBT71D";785
"2ZMEKFCC";786
"B36C5Z4X";787
"EPEZ1X78";788
"O1I6KY8D";789
"D5DILPFD";790
"R70CFUHC";791
"R7ZF7HB9";792
"BFAEJWZP";793
"8PIOZVL1";794
"ICCFKKKC";795
"1SH9EC2P";796
"4L643RCH";797
"890GN168";798
"X7ZBPV7E";799
"BEFUGRW6";800
"JCF6WFH3";801
"HUEGO19T";802
"CEEZAXNN";803
"4PC3G1JD";804
"MQOC3MKJ";805
"Z98N8GW9";806
"WMCK9144";807
"YS1UA0UE";808
"0NO18VZ3";809
"2ROEOZ6M";810
"I2OV0GO9";811
"G2BVINHR";812
"46P4PBYI";813
"KPVTEPZ8";814
"NH4I7Y48";815
"BLHD9FB7";816
"8XMCUQZ8";817
"YMP2T3WC";818
"VX2XQ2J4";819
"XS2R7N4Y";820
"B6GEPB61";821
"VUZU5S4V";822
"UNW7OMA9";823
"YSVGBKEO";824
"IY8CR8W3";825
"UMDTQCUQ";826
"0JCT1X05";827
"03C4GPZY";828
"9AMIG4SR";829
"PVWTX75B";830
"F5COUVCE";831
"Y7B2BFCC";832
"777OZHKR";833
"ISFIN78V";834
"KLF0DP2F";835
"ZZYCN5Y7";836
"BU7HH3PS";837
"YC08NLWO";838
"FYJM6BQC";839
"K8MBDFU4";840
"0NRF5GH7";841
"EOXY32Y9";842
"3T6ZAKK1";843
"E8FFSRRU";844
"4I9MQ23G";845
"3HRQY3ED";846
"KQ71XYW2";847
"5D6JKRGF";848
"FBE7ZPEX";849
"PIPH94J5";850
"U66ABV7X";851
"LFXTLNIW";852
"HNWHB6D3";853
"OJOJCIM2";854
"IJY8ZIBU";855
"9WS5NR64";856
"EHEHN0BB";857
"X4NGQZU2";858
"4BYWPXRZ";859
"5BQ3O4YR";860
"AOCKYQ7U";861
"XWUVXLJA";862
"BQWGNJ6F";863
"4WE8HVCE";864
"APD3N7XF";865
"A9AB1KWT";866
"K6FXCCSE";867
"WBTULCRI";868
"2E9IAORU";869
"J3I4WQ8J";870
"PSLIRPR4";871
"5J6NEYHS";872
"F4Z84JRC";873
"NUD6B404";874
"3RAELYVR";875
"NS45TPP4";876
"AC0WVA3U";877
"SDFKD86I";878
"CN9S6DF2";879
"BZUA95XV";880
"2F8Y0FVM";881
"X55Y2XSC";882
"OVK44UYC";883
"2G5TCBVX";884
"BQSMD2A0";885
"8E50ZWQN";886
"XJD406V5";887
"Z3O38AXO";888
"3M7APLQ0";889
"9LCUYJZ3";890
"LF573NF7";891
"WFGRBLRZ";892
"JQJKOXOM";893
"4JPYWHGA";894
"NL3KJZMH";895
"W9I6C4T4";896
"GEWESN4Q";897
"S0X6B4K5";898
"OAES9TCI";899
"83L7TKFK";900
"Q4ETR5OI";901
"E41O59GI";902
"65X55RGR";903
"U922H4MJ";904
"3QCSDNW8";905
"2YX72KQP";906
"DQ2VI5D1";907
"PB0IVAXR";908
"VBMH8QM7";909
"P5AG1WRX";910
"Q9MHJIEV";911
"ZAKAMTPL";912
"G8CZPVGE";913
"GLBIFVQF";914
"RHRDXSJS";915
"TC08V9W9";916
"0FEYZJOU";917
"VZFNYUIS";918
"91WYD6HB";919
"I4H3XNCM";920
"RFSN4VYT";921
"GO5R3K97";922
"P4P93RJQ";923
"4O2LBZ1S";924
"CMO5W1MC";925
"8DX65W8Z";926
"C15B8P0I";927
"4ME5JXYP";928
"V8BY0KG3";929
"D7UT15QE";930
"3GTDUX2A";931
"Y51Y4VO9";932
"5LUFLXDQ";933
"GWKZRDBO";934
"BJMKOUSN";935
"4837PPHN";936
"8FTOTM8R";937
"88XFLKZT";938
"6S0N5OIP";939
"CMC4VQ5H";940
"6YWIV5CW";941
"PMI26XDG";942
"INL5VXBL";943
"8A0ZYZAR";944
"YDFPL5TJ";945
"6M14UKJL";946
"ELQKU3AG";947
"GX04J5Q7";948
"GBH92FVG";949
"AYFOOHB0";950
"P16F2NUQ";951
"18BDUZ6A";952
"45R9W9FO";953
"2SXC3EU5";954
"NC753X0T";955
"Y6RBJMYQ";956
"05AK08DW";957
"98994QQS";958
"JT1S88EV";959
"T6P72VHJ";960
"ECUL42EC";961
"3PMO8PAZ";962
"3N2STGBO";963
"JLOIXHWT";964
"5JTB33A2";965
"HOXMNI2V";966
"9FCUW5XI";967
"F9TCR8D9";968
"YCOIJOD3";969
"XXEG9OT6";970
"GVMMUOO8";971
"FNKPKRQ5";972
"5JRKCJWC";973
"TBGELUZV";974
"7F8BHMNN";975
"P6TFNZQR";976
"8Z3NV40R";977
"3WAC5I5W";978
"FXP5P7W2";979
"N66QB43B";980
"ARSDIHXL";981
"0Y4OXF93";982
"U31Y2FPF";983
"WXJSFRXA";984
"55F1B6P8";985
"26ENU1QN";986
"AQ9PKY1N";987
"KKPN0JA4";988
"K3BCPOAF";989
"WAX2OMS9";990
"AYYY5VOY";991
"N5FZ4GEB";992
"U57M43ML";993
"KELCVKZ7";994
"EESV0KMM";995
"YC2ET9J8";996
"RTAMWG4G";997
"KZY373O3";998
"0NEEIKT7";999
"5UIIHLZR";1000
