"d_fname";"d_lname";"license"
"Jessa";"Ellinor";"C7UDYJ8P"
"Tamera";"Moxley";"XF7XBTF2"
"Camile";"Bettis";"UA7F3Q96"
"Clyde";"Golds";"6GVRFR08"
"Joycelin";"Lindstrom";"DL65T091"
"Onofredo";"Maus";"FO3MOBIT"
"Catlee";"Batterbee";"M1A2GDI8"
"Jeanna";"Tuminelli";"RMTSAMMJ"
"Robena";"Beltzner";"34GST8PX"
"Callida";"Stubbings";"J7XECMNP"
"Adler";"Fernyhough";"N3JAQJIW"
"Broddie";"Pullinger";"3TRQXKA3"
"Nola";"Gounin";"XRCXRBKC"
"Marabel";"Cleverly";"RUKN60ZG"
"Bondon";"Lage";"QN38I0MN"
"Leicester";"Gregoraci";"99YZ8D9Y"
"Willabella";"Rosendale";"W4JHPVQH"
"Emyle";"O' Concannon";"4HUN5ELW"
"Vin";"Heiss";"ODJJW65V"
"Dara";"Bohan";"B8F6S03X"
"Verile";"Yoodall";"OKSIHTOW"
"Granger";"Nestor";"3F0WFVMT"
"Garrek";"Kettow";"CGA7N9DN"
"Aimil";"Grolle";"JJTQEPRI"
"Bettina";"Rodrigues";"Y8VX7PG9"
"Rriocard";"Lorenzini";"Q526CDHV"
"Gerta";"Abelevitz";"2WCU2INX"
"Anne-corinne";"Lidyard";"UWXUE33T"
"Bartholemy";"Egel";"QAJ07VW1"
"Beulah";"Kubin";"99EM8SCZ"
"Grant";"Hayford";"1HKPC2F1"
"Vivianne";"McCalum";"2D7PSI9D"
"Marin";"Looker";"EON9JHQO"
"Beulah";"Hardwell";"OQO7ZJVI"
"Estrella";"McKellar";"FFKSX366"
"Culley";"Eaddy";"CIAHVWF2"
"Elinor";"Branscombe";"H8Y706K9"
"Ignazio";"Priscott";"67FU0RUN"
"Diahann";"Viggars";"48I9CBVE"
"Pennie";"Ronci";"QLGUT26R"
"Katrina";"Skottle";"F23L92LI"
"Kingsley";"Fonte";"0XIKBDP6"
"Fairfax";"Jiggens";"42GW05PB"
"Orton";"Devo";"EC2E4LKX"
"Annadiana";"Nand";"ND5UNRFA"
"Quint";"Kibbe";"Q587W3AO"
"Toby";"Gedling";"TWUO4ZS1"
"Lucienne";"Robjents";"C5Q0L2QG"
"Viva";"Kohring";"PEPXKFMJ"
"Kylynn";"MacCallum";"B3UZ3646"
"Tonia";"Roo";"W7YQB4RV"
"Augusta";"Burchnall";"UN5PUOT0"
"Berry";"McDonogh";"ZIJ4EATH"
"Erinna";"Scarfe";"B9MMK5VW"
"Hertha";"Casino";"VOWCTVFA"
"Kiri";"Gamett";"7OLV46ID"
"Hugibert";"Heibl";"7YVD46YT"
"Shanna";"Addlestone";"QSLBCDU6"
"Osmund";"Letts";"4ORWSLD2"
"Aldous";"Park";"4OGLRIQY"
"Iona";"Destouche";"GR4B3W9E"
"Laetitia";"Rawls";"5EW6CG7Y"
"Milli";"Sambell";"KHFLWFD3"
"Roxanne";"Vittori";"ZGWF0VTF"
"Phillip";"Kamen";"HWGBU3EQ"
"Luis";"Cicchinelli";"1MFDGC19"
"Bren";"Izzat";"5V5SIIRR"
"Humbert";"Likly";"SZOCAUKL"
"Philippe";"Debill";"5HLT6U6K"
"Ian";"Rowan";"20JI6JJI"
"Vikki";"Schutter";"OXMJ83XA"
"Artus";"Teape";"7V8D0833"
"Sybilla";"Budgeon";"838GN8L6"
"Wald";"Lande";"JQ8QY8FI"
"Ritchie";"Niche";"AXLY1RR9"
"Viv";"Naire";"QFGRQ4MU"
"Palm";"Llewellin";"N6LI6T8K"
"Aldric";"Tinklin";"QAWPUQK4"
"Eolande";"Lyffe";"PR8L0SLX"
"Judd";"Aylward";"ZBNF1NKQ"
"Saba";"Pedder";"QRBXQ3EP"
"Afton";"Yair";"JT4FYB8Z"
"Wynnie";"Driussi";"AIUSK1RJ"
"Frank";"Yoxall";"05ESGR0C"
"Welch";"Alvarado";"3PBZY8OU"
"Shelton";"Leap";"RTS7I1F4"
"Alex";"Duncanson";"FISAB69D"
"Welsh";"Logue";"91XBY3ID"
"Erasmus";"Coggins";"PGC85KBS"
"Bronson";"Crippin";"EFQR171J"
"Irena";"Crawcour";"U0VJKALW"
"Finn";"Trunby";"BICUIZR1"
"Kassie";"Semiras";"AU24PFMX"
"Merrel";"Hallawell";"GRFW3WXR"
"Giuditta";"Gillitt";"E84K25JL"
"Douglas";"Mongin";"HB0OBWKP"
"Orelee";"Zimek";"1U9BZCSO"
"Maddy";"Boar";"LVT96UID"
"Enrica";"Collings";"VABI4PRG"
"Loleta";"Marginson";"L3SBQWKS"
"Pebrook";"Bolderstone";"WI1DVCYX"
"Lindsay";"Rosas";"TBWJAOPO"
"Killy";"Grimditch";"3UI5NJA2"
"Elias";"Pacquet";"D15M9BDJ"
"Olive";"Ruller";"12AB1OVT"
"Anallese";"Stonary";"LFGI6D6A"
"Juieta";"Offer";"PYY0R9SV"
"Debby";"Southorn";"WA65IRST"
"Rowland";"Poundsford";"HK445WAF"
"Vina";"Revey";"ZDHKJD0A"
"Morrie";"Perfitt";"J3C7CK7L"
"Holmes";"Smitherman";"XCDUO0NS"
"Steve";"Shearwood";"9I5B1EQP"
"Jordan";"Camelia";"CS3D35DX"
"Simmonds";"Matterson";"FU6KCFSH"
"Betteanne";"Stokell";"ZUSK3JRR"
"Faulkner";"Carlesso";"SACTG05K"
"Marney";"Hamblin";"E27VANME"
"Caldwell";"Romanski";"ZKOZB9TW"
"Edsel";"Lorence";"9Z1VKCB3"
"Elka";"Seelbach";"XK39XIAX"
"Llewellyn";"Wigfield";"E7793YS1"
"Grove";"Upsale";"2W68KCFA"
"Roth";"Standbrook";"M8CU00WU"
"Briny";"Boldero";"BC4UADTG"
"Angelita";"Good";"0SMRGPDQ"
"Drew";"Swindon";"H1D21OEX"
"Cynthia";"Djorvic";"BO4RH3D3"
"Sol";"Boniface";"TQSVDQWA"
"Robinetta";"Beden";"OSVNNYY7"
"Homerus";"Yallowley";"9L8UECQY"
"Humbert";"Norwell";"M3WCUR78"
"Lenka";"Farfolomeev";"Q4V7BWWD"
"Berne";"Champney";"NTJC36DB"
"Tonnie";"Yarnall";"GJ8H67BL"
"Libbey";"Gleadhall";"HDLMBD7E"
"Grissel";"Bourgaize";"694DCZBN"
"Tracie";"Daine";"0JAF1LNU"
"Robb";"Liverseege";"U4X8PE8L"
"Charyl";"Mosley";"A217N2R6"
"Welby";"Huxstep";"W9T38573"
"Zacharia";"Windmill";"P1BBHR7T"
"Caspar";"Leadbitter";"L6IHQQLB"
"Lucille";"Hackworthy";"NWP4QE50"
"Matthieu";"Nucator";"7TEQP2X9"
"Herby";"Drohun";"UI923LB0"
"Dan";"Tumbelty";"ZEUTC91G"
"Gunner";"Leyden";"VNUYTG6J"
"Jody";"Rutland";"7B8ZT23V"
"Marley";"Esselen";"41S35INU"
"Caterina";"Hawtry";"QC8F0BWI"
"Pate";"Milburne";"29GJLJ6O"
"Guilbert";"Bernier";"3GXTEBDE"
"Rodger";"Licciardi";"KUPQ991U"
"Caralie";"Bertot";"XF49WL5Y"
"Cathie";"Doull";"GP9GKW0C"
"Mattie";"Abarough";"N399HYFW"
"Gunar";"Graveston";"LZGPL6QX"
"Antoni";"Mathwin";"PSTIQTIJ"
"Julita";"Dallosso";"Z2KFH13W"
"Darice";"Cinavas";"ECTAQXL6"
"Ninon";"Naptine";"DAH4RFU8"
"Denise";"Hambrick";"LOLJJCMT"
"Deni";"Bascomb";"BET2PIV0"
"Ame";"Scini";"5XTWG4GI"
"Katrinka";"McGown";"D1HW3D2Q"
"Ailee";"Holde";"OHK0OLRO"
"Raimund";"Jeavon";"UIND6LKT"
"Elsworth";"Haslock(e)";"QD37D2HY"
"Kalil";"Kryzhov";"XDNFTX7I"
"Goldia";"Winsper";"YQUSZ221"
"Maddy";"Kirvell";"V0OTORZB"
"Miquela";"Deevey";"2TSC7FXQ"
"Aili";"Vanderson";"ODAYWFOP"
"Rebeca";"Paz";"HM0SAFLC"
"Averell";"Beswick";"PLQ0KHID"
"Sayre";"Borthram";"4X6LCLFT"
"Oona";"Boorer";"DIMOL4WI"
"Weidar";"Bernocchi";"Y44I1SZG"
"Gale";"Ivankin";"K1HAJ54L"
"Eleanor";"Peartree";"JMGS43D2"
"Noelyn";"Hugonin";"UBSFTOTT"
"Renault";"Breffit";"ENV4ASAW"
"Matthus";"Kershow";"ZA90XKOT"
"Lori";"Vasyagin";"U7HEJIRL"
"Alanson";"Brouard";"QD2PGWRD"
"Lyell";"Soulsby";"ZH1OPECJ"
"Lacie";"Pear";"RJMM423O"
"Cecilla";"Abells";"94EJE4VI"
"Law";"Sayer";"QHS4YY4Q"
"Gideon";"Folliott";"S4TNY5S6"
"Veradis";"Foakes";"FXKV03P9"
"Jeanie";"Roseborough";"KRSD97E6"
"Andrei";"Rummins";"T70ALF8I"
"Daile";"Hellis";"D3FNQ9OZ"
"Lissa";"Marner";"1OGRSLX1"
"Rey";"Whild";"24VLSU2Q"
"Lela";"Wardrope";"RYKWWMB8"
"Bridget";"McKeran";"SRLCZ34G"
"Di";"Cullip";"LG7Q6FDN"
"Shandee";"Leahy";"XM269RI7"
"Deedee";"Dowry";"RVL4BFXM"
"Germaine";"McCulloch";"OVK24NFY"
"Matilde";"Alves";"IUOR72DH"
"Dame";"Harridge";"VD3LDXB9"
"Germaine";"Frosch";"UYQQ2RWF"
"Cherise";"Jannaway";"U9HE2TX9"
"Price";"Boreham";"F2GSX9M2"
"Hunt";"Wildor";"8UZ13HJ5"
"Dollie";"Kauscher";"RUVVS6Z6"
"Gloria";"Stutard";"WO7AGAVF"
"Maximo";"Cavanaugh";"3VC9R8ZQ"
"Arri";"MacLucais";"UGQP55RT"
"Noni";"Nehl";"1XB4UDLI"
"Brooks";"Bolstridge";"9W0V9AUG"
"Loree";"Morales";"1XZ3LEX1"
"Abra";"Theunissen";"9IP7XOJ3"
"Kacey";"Blaisdale";"E21ME5Z9"
"Ryley";"Reitenbach";"9L31MQ5J"
"Janenna";"McIlwrath";"F4FJSR0E"
"Clemmie";"Dakers";"7QZNW5EN"
"Kerwinn";"Josefs";"J4PXL28O"
"Hollis";"Sutherby";"JHYUTUPZ"
"Markos";"Elham";"H8BZ6PLZ"
"Olympe";"Peert";"LH449172"
"Bennie";"Brennans";"VPJH0OGR"
"Barry";"Baggott";"YWTZBZM9"
"Junia";"Laguerre";"MISGAX28"
"Halsy";"Kemmett";"JP39J72H"
"Marquita";"Deluce";"MVEXZAUQ"
"Mattheus";"McCritchie";"S3X4EX62"
"Jan";"Twyning";"TD9D6N00"
"Ravi";"Haliday";"MJVOJE69"
"Sandye";"Grotty";"GPDUJAX3"
"Holden";"Jandel";"RZS092J8"
"Jeannette";"Gonet";"O1ZGZTJ6"
"Durante";"Moncreif";"8UKXBFIA"
"David";"Keward";"58MOIOYT"
"Rosella";"Yarham";"HDHDZM72"
"Amanda";"Jeppe";"YAZKDJZY"
"Tonye";"Wallach";"IY84YW6S"
"Cami";"Skitral";"L9IZX8RU"
"Christophorus";"Jillions";"XZVAZRU7"
"Mordy";"Peotz";"UV1E2NRW"
"Darill";"Erswell";"74UJSZSI"
"Ewan";"Di Filippo";"SI218BZR"
"Timoteo";"Harraway";"5IO4YBA3"
"Woody";"Powdrell";"LO6HY95K"
"Bo";"Shoreman";"IZK6JFX7"
"Andree";"Jankowski";"YC2M4O2O"
"Arne";"Coade";"JOOECG9F"
"Angelico";"Faraday";"TDXA840N"
"Dianna";"Paddick";"PDDQ6RE4"
"Skyler";"Warland";"KZ5U7O2V"
"Flossy";"Aucourte";"RZUAG954"
"Parke";"Pietersen";"EQ0BPQM7"
"Korella";"Eaglen";"H9CMU7BG"
"Rosabel";"Fluit";"Q4WJDF2Q"
"Boris";"Dowden";"2GMMC6YC"
"Shell";"Lunck";"SF8Y4LPZ"
"Jesus";"Gater";"IGZJ4J3M"
"Fergus";"Cattlemull";"055IENL0"
"Maggie";"Pottle";"A59391B1"
"Daphne";"Idel";"7PSZKNQT"
"Hamilton";"Mabbitt";"5B6PA300"
"Cazzie";"Ezzy";"Q67HDGMP"
"Arel";"Fitzroy";"84Q92B0Z"
"Grantley";"Edmund";"H57YW1W3"
"Saba";"Sutcliffe";"IS78ZCJJ"
"Viola";"Benneyworth";"8L3Y64ZE"
"Tomasina";"Angrick";"GUQZQUI2"
"Lucho";"Jocelyn";"PL9R6FAH"
"Courtnay";"Wolpert";"CMINMREO"
"Elana";"Penk";"RG4MQD0V"
"Renee";"Del Castello";"23IY6PPB"
"Lydia";"Washtell";"QEJZZSTT"
"Clemmy";"Rouby";"BBIEYUPZ"
"Austin";"Hanrott";"TI6JWW2O"
"Boigie";"Stern";"J8CSBU39"
"Winston";"Burgott";"RSQN3R8N"
"Sigismundo";"Bredgeland";"SGPF81WK"
"Roze";"Speares";"ONM89DJF"
"Corissa";"Hastewell";"8XLMP55A"
"Douglas";"Ewell";"WKAR161R"
"Kiel";"Swanton";"SBC4T4KJ"
"Donella";"Dymond";"DP12NJB1"
"Bruno";"Caroli";"KFXV22E9"
"Othelia";"Evins";"8T9SRCZX"
"Blayne";"Cawsy";"UOJ4AC9N"
"Lezlie";"Osmund";"5DQCN07I"
"Ernestus";"Ghilardi";"P55T8899"
"Alyssa";"Matzkaitis";"JG0CDBRK"
"Astra";"MacParland";"EI7IHQAQ"
"Corney";"Caret";"OCFH5W9W"
"Sterling";"Ducroe";"T8OO9QG2"
"Karie";"Zanolli";"XMSYE5ER"
"Wesley";"Fatharly";"4WXYDSGF"
"Parnell";"Boow";"E6UP6N7D"
"Terri";"Filchakov";"8WAXJJUF"
"Anson";"McCullouch";"6QCML515"
"Jeremie";"Hanbury";"Z1OJ8L4O"
"Jock";"Barnby";"FKQYJL46"
"Fina";"Delcastel";"X1597GUF"
"Berk";"Heggman";"SN9DABA6"
"Munmro";"Dooman";"3OIRV0C2"
"Nettie";"Relf";"DGE0IFH3"
"Marti";"Ruck";"685OEQ1L"
"Marcelline";"Ridhole";"COTYRCPD"
"Jessamine";"Selborne";"9549RO8Q"
"Giffie";"Tallyn";"SQC6I2KB"
"Cass";"Abbess";"XTKUT3QD"
"Raychel";"Bradberry";"GX37LG26"
"Mirelle";"Lifsey";"TJULRW49"
"Helen-elizabeth";"Barends";"ZMTXJ56Q"
"Adara";"Skpsey";"6S6PSMR9"
"Corissa";"Illingworth";"F27P2RJJ"
"Rozina";"Lghan";"SZS65YQ2"
"Garald";"Spelsbury";"8748D3VB"
"Nigel";"Nazaret";"X5ISQE57"
"Jean";"Lambswood";"PCYPNCE2"
"Ray";"Clabburn";"I6VK54EP"
"Graham";"Pole";"EQK10LHC"
"Britney";"Cudde";"L3DSIFYH"
"Kay";"Waulker";"UPPLZE68"
"Tamas";"Chesworth";"JUE2CZM2"
"Dulcinea";"Chung";"601Q0JPR"
"Yule";"McKinstry";"824832KK"
"Aidan";"Sellman";"RUMYOJIK"
"Ailsun";"Standrin";"ZTSK8LKH"
"Gerhard";"Van der Brugge";"HTZFD5DZ"
"Gray";"Bridgestock";"K0BGKX84"
"Erroll";"Pawelek";"MB7TS03K"
"Tybie";"Twiddell";"IZJTHJ9Y"
"Noak";"Claypool";"RYEB7O1Q"
"Bartholomeus";"Filewood";"MDTDFE8V"
"Stephine";"Stanway";"CGKATHN8"
"Kareem";"Mowbray";"1GUFT7UV"
"Miran";"Colton";"JKNBT9ZA"
"Noreen";"Rames";"N7L3BZ52"
"Ernest";"Aubery";"BV0EF9YZ"
"Nelson";"Tante";"8OKSZW8P"
"Kiah";"Raleston";"P7WJYJ4G"
"Joe";"Plaskett";"QIXN8UOF"
"Ashleigh";"Januszewicz";"664E73CC"
"Felipe";"Gillhespy";"ZIVGSETH"
"Waylin";"Ubsdell";"U37PPMLZ"
"Hilliary";"Riehm";"V5N1FXFE"
"Sylvia";"Kovelmann";"ECRCSTI8"
"Ayn";"Sextone";"EDZI3XUI"
"Chelsie";"Jepson";"UP21N8TJ"
"Noak";"Glancey";"VAZ45DY5"
"Lorna";"Simmins";"TQD2S5P3"
"Evangelin";"Harrema";"NKJ8FP4O"
"Maighdiln";"Bathowe";"EGT3KYVE"
"Rickert";"MacWhan";"LP92DB1M"
"Rip";"Carratt";"PI51VO4P"
"Parsifal";"Thulborn";"CXE4JQG6"
"Henry";"Delooze";"3R1Y2BW7"
"Rossy";"MacLeod";"OMPYCMEX"
"Helsa";"Dingsdale";"GOG8MKKA"
"Hermione";"Towns";"R15P9VNI"
"Gilburt";"Lebourn";"FCG9UTPD"
"Emmerich";"Ilott";"UTJK52D3"
"Hewet";"Blenkharn";"29I63GP9"
"Patrick";"Hedin";"INL8QZF7"
"Aloisia";"Mallebone";"0YX0EKX1"
"Noelle";"Rayhill";"0LK8ZBK9"
"Basia";"Guerrieri";"AI68WRDF"
"Lucius";"Harford";"RWZ0X34P"
"Barth";"Skough";"PTDEQL5H"
"Bryant";"Eisikowitz";"8YGNG7IT"
"Maire";"Rosenschein";"5ZCUP7P1"
"Dasie";"Stampfer";"K3ZX56R3"
"Chickie";"Brehat";"WEZF2VO0"
"Novelia";"McFeat";"YQD6CKY1"
"Lucina";"Dericot";"GLB6WOU5"
"Hubey";"Fielding";"XOWWXM77"
"Aube";"Coupland";"E7VGYZR5"
"Davis";"Graser";"KQELPZIJ"
"Tiphanie";"Delgua";"1NO779K5"
"Erhard";"Bartholin";"MJPJJM2J"
"Clotilda";"Bateman";"282KVG0L"
"Colman";"Behnecke";"8V6T3K9C"
"Arne";"Marzellano";"ZPAHHWSH"
"Gertrud";"Aylin";"TII9WTSX"
"Christel";"Sollett";"UWE3TKXX"
"Hermione";"Longford";"W5BK2XTN"
"Betsey";"Edworthie";"KF73DF3E"
"Sibley";"Brigshaw";"8WLKN4MJ"
"Mindy";"Cottham";"MIXDZ81P"
"Vivian";"Mattingly";"1BKOHPQJ"
"Vinnie";"Cuniam";"AH9G42WV"
"Hallie";"Bishopp";"Y26OFM40"
"Daphne";"Tarzey";"2Y2TY473"
"Marice";"Schulter";"6GS9ZFAJ"
"Pet";"Cowe";"HHR31WND"
"Blondy";"Southerns";"TOLR4A2S"
"Virgie";"Busfield";"M6MM2ILW"
"Donnamarie";"Querree";"BVT0VLDL"
"Roseanne";"Delph";"1QDPG18V"
"Esteban";"Gabitis";"WGED2Z9V"
"Amitie";"Cuddy";"4D64V5IS"
"Carny";"Simonitto";"ZO1RRDAA"
"Jordan";"Browett";"3QQ7IM6S"
"Brina";"Dussy";"2EDU1GR4"
"Orson";"Gerdes";"6BGAQM9S"
"Mufinella";"Loines";"5SFTD9YT"
"Isa";"Vineall";"MSBG9QUK"
"Betti";"Waddington";"80VAYSAL"
"Raquela";"Cockerill";"HC8T8ZUB"
"Cecil";"McFarlan";"O2Q2HXV1"
"Noel";"Slayford";"45E4YFAQ"
"Omar";"Deverill";"B29I3FO9"
"Bay";"Kinvig";"LCJ7CJ8U"
"Carlina";"Inwood";"OEDNM9G4"
"Lauralee";"Humphries";"XPPIWP2L"
"Boyce";"McCorrie";"KEVZ1Q21"
"Vinnie";"Moat";"RDZS6NF4"
"Fernanda";"Pressman";"HZMLUZGL"
"Rayner";"Djokic";"8W5V0VMV"
"Obie";"But";"VVQLXDJ7"
"Coretta";"Capper";"VNKMN53O"
"Mendy";"Lockley";"8C84NO80"
"Claudine";"Kondrat";"ANR3LDB0"
"Jose";"Coolican";"C2MZY1VB"
"Bronny";"Indgs";"KFO6IQGB"
"Fania";"Leyre";"9P6J8BME"
"Lezley";"Ricks";"58A1RRL6"
"Scarlett";"Beecheno";"90LSWY9V"
"Ofella";"De Banke";"98J3ER4Y"
"Darrin";"Brownsworth";"8W4CJUP5"
"Horst";"Ringham";"VBB9D0OW"
"Candi";"Delmage";"NUYCIGF1"
"Sibby";"Codling";"ETCX8DIU"
"Arnold";"Clampin";"5U4SHBB4"
"Lusa";"Cordoba";"YN52I5SC"
"Adey";"Kleinhaut";"MO1SIC5S"
"Sterne";"MacGill";"QV0OC0AQ"
"Ly";"Drezzer";"CKQY1PWN"
"Gian";"Holbury";"L9TBO754"
"Reade";"Gaine of England";"SSU2OHF5"
"Reilly";"Rembaud";"LPO38Q14"
"Alec";"Dudson";"5F39K5CL"
"Dorita";"Dell";"ZT8FBE5D"
"Brigham";"Di Bernardo";"6A5PK2OF"
"Vlad";"Phillimore";"LK6Z0CJN"
"Ana";"Allchin";"FDLSX69A"
"Gawen";"Poulston";"HNUVXAYE"
"Rachelle";"Skechley";"0OIFRRSM"
"Allina";"Bosworth";"MDFAIRNP"
"Salmon";"Stapforth";"KZA6640A"
"Dana";"Pateman";"FORF0NDP"
"Chancey";"Boas";"42EKKR3Z"
"Nari";"Humby";"4X1VHJ9X"
"Brett";"Mallindine";"JTJDYRPH"
"Colette";"Chislett";"VJ7O5VYP"
"Wesley";"Balazot";"6VYD0RCC"
"Allene";"Birkwood";"EBRBMVHM"
"Marianne";"Vell";"56ZJ8GD9"
"Ariana";"Petersen";"LIK1FDQG"
"Burg";"Roiz";"7G0CJGDI"
"Nicola";"Lefever";"9EUY8V3T"
"Vivian";"Follett";"O6W8BFH5"
"Cynde";"Philippou";"F8CI2COD"
"Zaccaria";"Thackwray";"MDKIL5X7"
"Mac";"Aldin";"JPRE2H8U"
"Rafaelita";"Arlow";"G2SLR477"
"Reinhard";"Stennings";"60ZVIZEK"
"Elia";"Gepp";"I1UA73SS"
"Anthia";"Ramelot";"7RRA2HF0"
"Tan";"Scarsbrook";"PGSBT4FU"
"Rodrique";"Zaple";"UIW5XNYR"
"Albie";"Delamar";"36M4M8S4"
"Klarika";"Meach";"W02YBK25"
"Gaby";"Barnwill";"0IWIFXG7"
"Rowe";"Thomassen";"NKC21X46"
"Zacherie";"McPake";"BH8A19SF"
"Magdalena";"Vagg";"YN5B0L7S"
"Ethe";"Dunford";"FUBECQUG"
"Adrianna";"Islip";"VWUXHLPJ"
"Georgeanne";"Moultrie";"6F2S4OJ9"
"Delly";"Dobinson";"WJFN4YLH"
"Berti";"Rubega";"AQZ8LLKU"
"Carleen";"Haggath";"L8H2WJ2E"
"Thedrick";"Gerauld";"3QTJGE3F"
"Lars";"MacMoyer";"IXIDS3OY"
"Kelley";"Whitney";"44YGR9Q9"
"Astrid";"Pinchen";"IESN6VBJ"
"Eydie";"Ellerton";"BLZHHZV6"
"Letisha";"Seeborne";"2SX0AZCP"
"Emilee";"Hartley";"JCUM3LE8"
"Shel";"Keyse";"CEVDXT3F"
"Ugo";"Loweth";"C17Q5WCG"
"Logan";"Northway";"3SP3262O"
"Merv";"Skellern";"RJECISKC"
"Dorine";"Hanalan";"RHRE8C2B"
"Tish";"Scotcher";"IGZZ9W9S"
"Christina";"Mariyushkin";"NX4DLZNM"
"Felipa";"Doley";"X5CWGD6P"
"Francesco";"Garnsworth";"B4U1V4VD"
"Enrico";"Drinkel";"G6X3CWL5"
"Gaston";"Dunston";"ZHXE4GNZ"
"Karlan";"Witcher";"UDNN9RIA"
"Nerta";"Benns";"EHMPS35C"
"Jorrie";"MacFarland";"XWFVO962"
"Tarra";"Berriball";"2FIEH55S"
"Twila";"Stubbington";"1FX573W2"
"Sigismond";"Butrimovich";"CC94YEMM"
"Dorothee";"Syde";"LYLTOSAD"
"Erika";"Pickrell";"LBHV1ZW3"
"Lesya";"Aberdalgy";"A3RWDRMA"
"Heath";"Keysall";"CK1NSDHB"
"Raina";"Utridge";"IFDSPB3O"
"Melicent";"Wanka";"E13RDSAE"
"Allan";"Shearn";"7LGMZORM"
"Evangelin";"Westoll";"3O4LF4FV"
"Cammi";"Pietersen";"Q2TEN53L"
"Lolita";"Margerison";"XBCG6NED"
"Rubetta";"Mearns";"AMZFD12M"
"Raff";"Colliber";"YSHXSTK1"
"Abbe";"Hache";"93TJK0B6"
"Siouxie";"Grimes";"MGJHPN80"
"Dorris";"Dennant";"RZYIN47K"
"Farlay";"Lebond";"0R2WZ7LH"
"Eartha";"Folliott";"R9TVCC5F"
"Brok";"Firks";"T5Y241IU"
"Tiena";"Huot";"MY3IFF4W"
"Analise";"Canada";"8AX5B02O"
"Rob";"Doey";"ZUO3OYK6"
"Enos";"Ruscoe";"8EHB37MG"
"Stacey";"Fudger";"L4C5BRE1"
"Joane";"Worwood";"1F6NABHI"
"Delila";"Moncrieffe";"YR2ABZUH"
"Calla";"Kleynermans";"SEV7CMCY"
"Valaria";"Van Oort";"FYD88VLZ"
"Ferrell";"Bassil";"JFQXTUCC"
"Tiphanie";"MacPaike";"XBTJLM5X"
"Elbertine";"McAlinion";"BVMNM49E"
"Lyssa";"Astell";"2WMQWSN2"
"Gustie";"Backshaw";"1RN11F2R"
"Aila";"Sibary";"VA87B2H3"
"Corabel";"Cloy";"G7TVAI0F"
"Bogart";"Crosser";"1CC3HEE0"
"Melanie";"Afield";"6S2LNTRX"
"Michale";"Magarrell";"U4F652C3"
"Lammond";"McGillecole";"3R1UTD3O"
"Neville";"Kruger";"PLD3Q55L"
"Rutherford";"Skeldon";"A3ROJJH9"
"Teri";"Dargan";"L5XJQMTN"
"Aeriel";"Labrum";"WLQP5SPH"
"Yorgos";"Korba";"R74BI84S"
"Cookie";"Story";"L04F085S"
"Herbie";"Fear";"IRYDHNZ5"
"Skelly";"Idwal Evans";"2ZAGIXL1"
"Tommi";"Lundie";"ID67O112"
"Gonzales";"Warbrick";"36SHUFTA"
"Starlene";"Esmond";"T6VS0KVX"
"Gabbey";"Casotti";"O9MX60PU"
"Westbrooke";"Munslow";"8C53YJR2"
"Algernon";"Forster";"X5WBJATK"
"Parrnell";"Kent";"UCEZ7CI3"
"Deeanne";"Noriega";"KVZTGAOC"
"Bill";"Grendon";"OTROHPVF"
"Alfreda";"Leborgne";"8I3T0NG2"
"Rakel";"Leverson";"97XN82MH"
"Malvin";"Bill";"ALJPD42J"
"Bernhard";"O'Connolly";"EN2RG9YU"
"Vasily";"Grand";"KKDIT4JJ"
"Suzanne";"Bartoshevich";"ASK4IKTU"
"Henrieta";"Champness";"1T0C506A"
"Juline";"Corryer";"6BZ5D3G2"
"Corrianne";"Beards";"013DQNPH"
"Elden";"Tander";"MH029BEU"
"Emelen";"Pettinger";"4P6X6VIA"
"Rafe";"Borg-Bartolo";"WTYJLOL3"
"Haven";"Sapson";"XQZ93U7O"
"Ashly";"Butrimovich";"5QRPH0DV"
"Oswald";"Inchbald";"BX3ZAEHE"
"Marchelle";"McDuffy";"LFKTCP9U"
"Danna";"Jearum";"7RG25CCH"
"Felicdad";"Hounsham";"RRABS57R"
"Viola";"Bengtsson";"5X5Y0YVP"
"Dominick";"McQuarter";"G299Q5YH"
"Babbette";"Lopes";"SI21E9FF"
"Colet";"Keningley";"J44UV0YS"
"Eda";"Stoffer";"F00ZVYLD"
"Antons";"Robertelli";"OMOWHIB7"
"Rudyard";"Ferrao";"FC0JS9JZ"
"Betti";"Frackiewicz";"6T3B7IC4"
"Vida";"Kencott";"ABR2R5PI"
"Vidovic";"Sutliff";"IW5W3NU4"
"Odille";"Chateau";"57PJOYTX"
"Cammie";"Tivnan";"R271R0O7"
"Laryssa";"Mateo";"AVHR2UFR"
"Tallulah";"Espadater";"UFAE657J"
"Mae";"Swainson";"JKX74R7Y"
"Archie";"Wicklin";"B6QE8LBM"
"Allina";"Hullyer";"PEGFYBQI"
"Hestia";"Elwin";"E2MZUBEE"
"Hephzibah";"Downe";"5O2C5HEV"
"Corny";"Blewis";"F056OJ3F"
"Hollie";"O'Mullaney";"6G61TJHJ"
"Mahalia";"Rosenau";"ML36HI5E"
"Lelah";"Spata";"SNEFXNYT"
"Grayce";"Taleworth";"CXLJXUKV"
"Gram";"Bownas";"UQ56QFUQ"
"Roselle";"Tunnoch";"94SRBYMY"
"Atlanta";"Floch";"8961KLX8"
"Henry";"Smithson";"TDKMMYGP"
"Kenny";"Budgey";"ZYOUSSYV"
"Wilhelmine";"Fedynski";"WPOIN857"
"Philbert";"Clemits";"V6TKIO53"
"Othella";"Rockcliffe";"KBKQCALB"
"Georgianna";"Dayne";"1JCZVAFA"
"Rosabelle";"Dougher";"Z6Z03TXL"
"Jeana";"Gindghill";"LXODOYR2"
"Harli";"Dunstone";"1PIEXK9C"
"Archy";"Bunce";"MO9MQZJK"
"Tessa";"Triplow";"8C3GPFBD"
"Marylee";"Kelner";"7ZPQV1F7"
"Candie";"Wheelhouse";"TYEA02RS"
"Sadye";"Casassa";"U6ZO8DUZ"
"Paul";"Taudevin";"SEMWLSZM"
"Myca";"Ezzle";"AM2AHIID"
"Richard";"Cobain";"YRYK22OD"
"Betti";"Burel";"LF5USNO6"
"Madella";"Faraday";"39PVJ7JJ"
"Chaddie";"Dilworth";"VYWNN8C3"
"Jeddy";"Linnitt";"OQFIEZO7"
"Donelle";"McCrachen";"I5K095N9"
"Vivianna";"Pollen";"DE5JKVZZ"
"Falito";"Lodevick";"TYA7NHEN"
"Sholom";"Draper";"XDUXRXJ4"
"Brandise";"Ullyott";"2XVZ2LSK"
"Paolo";"Wybrow";"WFBNPFSR"
"Peterus";"Napier";"EKH7CQL9"
"Zachariah";"Rustadge";"AOLXQKN1"
"Philly";"Olek";"YQO662NY"
"Gussie";"Robertz";"TTM0C5WF"
"Romola";"Gilloran";"CNXBAMGG"
"Clemmy";"Redwall";"K8KPZTST"
"Leslie";"McLaren";"22POKYXD"
"Jorge";"Vear";"932IDO3U"
"Donnell";"Lucock";"8W9X2GY8"
"Jaquith";"Britnell";"218OB5XQ"
"Amory";"Bodley";"ZJPFO3V5"
"Delila";"Simoncello";"MZC37YR2"
"Son";"Sandey";"FT0PSZ2R"
"Valentijn";"Dyas";"NOTZPTAY"
"Anetta";"Gaucher";"UKT7GLSD"
"Dreddy";"Zanetello";"CN1LSRT6"
"Curtis";"Essex";"JI1SIPSU"
"Debbi";"Braim";"KWT2YKV3"
"Ezequiel";"Iacovelli";"LP7EQIJ1"
"Waylan";"Pigeram";"FO3DDGVV"
"Farand";"Hitzmann";"VLXG9I4V"
"Ashla";"Darte";"J89644C5"
"Sacha";"Rubinsztein";"XIBXQK93"
"Cece";"Dorow";"0CTWS10D"
"Xavier";"Thursby";"52ZH2UKY"
"Grady";"Preist";"67J7T4JE"
"Gib";"Hurlston";"3PI05XWG"
"Avictor";"Sheldrake";"45XQ9DEZ"
"Horatio";"Bagnall";"V4OXAPQT"
"Marney";"Sleney";"6AZYQ11L"
"Anita";"Hall-Gough";"HPG9Q3OY"
"Moises";"Darell";"N6V0A19W"
"Shoshana";"Livesley";"BN7ILGV3"
"Livvyy";"Rhys";"0ZYQ09JD"
"Deedee";"Bredes";"2M3UKMPP"
"Bernie";"Lydall";"VN5KHH30"
"Zorah";"Tomaselli";"HAY0BZ65"
"Pavla";"Falkous";"FB2657L2"
"Emmy";"Gillogley";"YPXND0FX"
"Lorinda";"Kopmann";"CUW66RXV"
"Franchot";"Howieson";"BVVWFWNG"
"Brandise";"Norker";"X3LDAZOS"
"Teriann";"Skeggs";"XS4FBRMO"
"Lynnet";"Sketch";"IMEVHYBK"
"Daisey";"Casa";"ME5L8L6E"
"Mallorie";"Barns";"TUH05GJJ"
"Andy";"Scini";"V5V8GQ8A"
"Titus";"Chilcotte";"SFZH9WR3"
"Constanta";"Irdale";"J5J51VMV"
"Deva";"Ivchenko";"SV6VMPQM"
"Batholomew";"Bogue";"P1UUW29E"
"Starlene";"Trymme";"7EOYYXBG"
"Veronike";"Chisman";"NHI4YUUZ"
"Jeannie";"Radke";"N2URLAPZ"
"Cash";"Capelen";"MR057SFO"
"Rosita";"Tatlowe";"3PA8LIAH"
"Tamqrah";"Dickings";"KDKNY630"
"Malachi";"Hamilton";"FZ00X4MK"
"Ron";"Victoria";"70QWZGY0"
"Marys";"Paiton";"EUE39F31"
"Manon";"Marl";"Z986F6RK"
"Homere";"Persich";"VWL1XUEN"
"Jeff";"Moggle";"6PL3ICQW"
"Cheslie";"Tommasetti";"UT1EA5SM"
"Nikki";"McCerery";"Z91CU87L"
"Ethelin";"Vedmore";"Z1OCRRI1"
"Birgitta";"Trehearne";"EYRCRXNO"
"Vanny";"McSkin";"P2XPTRCM"
"Carrissa";"Dillingham";"HBI6B6AR"
"Katharina";"Kahan";"KZNKPDK4"
"Catie";"Solesbury";"9OSRGMKM"
"Cheryl";"Fishbourne";"C68WVQEM"
"Lawrence";"Palombi";"Z5YUN1DA"
"Reinald";"Lodwig";"VTV310Q9"
"Shelton";"Pitts";"VRG66RPR"
"Cull";"Churchin";"ZD6WOXMJ"
"Susi";"Yellowlees";"UHPX0DFG"
"Timothy";"Wycliffe";"MXNYG3S4"
"Nara";"Hackley";"9160UDJ2"
"Kilian";"Marshman";"2YTQ4BV4"
"Kristoffer";"Donat";"EHMU5KOM"
"Sacha";"Shipway";"BPKJR1A4"
"Esmaria";"Handes";"5VRQVEK4"
"Thorpe";"Wallicker";"DAL64YMP"
"Clarie";"MacAnespie";"WS7BUCNU"
"Phil";"Brewis";"MKFBYMU7"
"Rhetta";"Cornil";"6536ESW4"
"Patrick";"Scaife";"BWHIY3RC"
"Violetta";"Bizley";"0BNSZPA3"
"Zuzana";"Marshallsay";"0FQW336G"
"Victoir";"Verling";"KIV92BZW"
"Elvis";"Cadore";"ZT9C110Y"
"Constanta";"Pennacci";"BN8O4JUU"
"Fax";"Reubbens";"O3BPRB1B"
"Leoine";"Drury";"WHW9V1RP"
"Bibby";"Endricci";"6AJ4AYRJ"
"Leonard";"Sarrell";"4W84KHQ8"
"Odilia";"Gittins";"Z3Z108EE"
"Levin";"Wessing";"ZG7CTXUZ"
"Link";"Iacovino";"8YXMW5D1"
"Wayne";"Warmisham";"MD5APNPQ"
"Emmi";"Raffin";"8FVQ9C2P"
"Valenka";"Maddick";"Z0TNK7JK"
"Dominick";"Morlon";"2F8PFUSV"
"Perl";"Billingsly";"KG5E8SBM"
"Micah";"Schenfisch";"7PD7U45P"
"Herby";"Gircke";"A0CKVQIH"
"Heddie";"Rimmer";"HBHYADQE"
"Opalina";"Webber";"2WW8W01A"
"Gaelan";"Hallick";"NCU9YUEM"
"Rhona";"Epton";"J0JOC1VV"
"Alli";"Sokale";"SJN1Q559"
"Koressa";"Eplett";"CKI1VDN6"
"Reilly";"Dew";"YOVA1ZPT"
"Chas";"Gedge";"SSNSHMWK"
"Aubrette";"Ianilli";"RAFCWDSS"
"Dalis";"Gorsse";"XLU5HP6I"
"Aluin";"Whitechurch";"9FMN2JOF"
"Letisha";"Fooks";"5Y8XET1F"
"Remus";"Tavener";"1KMC984N"
"Philip";"Pardie";"ASW6IN0B"
"Annelise";"Zapatero";"Z1G5WZT0"
"Langsdon";"Alway";"JVP3PD44"
"Eli";"Lander";"JDK8ETGQ"
"Wilton";"Penkman";"WX9ZPQWC"
"Lisa";"Likly";"P9MIPVR7"
"Pauly";"Broadberry";"5PKOZ52P"
"Petr";"Abbotson";"IU5L7H55"
"Richie";"Dedman";"45FJSA4F"
"Esta";"Pharrow";"W9MAAHXM"
"Gabbie";"Umpleby";"2MFP7FWT"
"Carmelita";"Klees";"IUJKEMWF"
"Francene";"Dunnaway";"GAUN2SU8"
"Amerigo";"Goves";"AKQNKMBY"
"Nerissa";"Von Welldun";"UT0FQEMZ"
"Frannie";"Rigard";"82I5J8YO"
"Devonna";"Rustedge";"9J8AZJDB"
"Ysabel";"Lackeye";"H0PZ01OA"
"Jacky";"Hariot";"EIT5LVT0"
"Pauly";"Matteoni";"HZACPJ6J"
"Natalya";"Tookey";"VQK2QFWO"
"Anselm";"Blackledge";"6CM5AVTG"
"Eben";"Aizlewood";"JYU9ATR3"
"Jennine";"Forsyde";"4OU6B8UH"
"Ellen";"Edgeson";"H3CJQLY3"
"Darlleen";"Grinval";"II8HJ7SR"
"Somerset";"Janowski";"18DEW9RW"
"Tabbitha";"Umbert";"B246JDE3"
"Suki";"Tuck";"U0WZ2EPR"
"Elwin";"Poultney";"SZKXOYZ9"
"Priscilla";"Opdenort";"RZYTC9MA"
"Linn";"Gowers";"L93IM24B"
"Englebert";"Damiata";"IYVYX3WC"
"Alex";"Cortes";"86YTZZ04"
"Josiah";"Bassingham";"HHFNXEO2"
"Dolorita";"Kamiyama";"5IIRALIK"
"Flossy";"Dudhill";"CVT26T3I"
"Lidia";"Shakespear";"O4HAPSKU"
"Silvio";"Bythway";"TVLB3T9L"
"Jacquelin";"Ketton";"7X0UH1PL"
"Christiane";"Houseago";"O4I1HZZ3"
"Aurora";"Pettifor";"SP5XS9US"
"Barrie";"Burnes";"E6Z95B65"
"Laurice";"Lynnitt";"C7O3CRVC"
"Forrest";"Wagstaff";"IH20O0S3"
"Mikael";"Sneath";"K04RW5OV"
"Charlie";"Betun";"HGC0GDVX"
"Clea";"Querrard";"5F7HEHBA"
"Mollie";"Skaid";"IAR9H3TW"
"Harriott";"Etherington";"31A1VO9O"
"Wynn";"Greenwood";"8ZLBK7JP"
"Durante";"Meeron";"AO8VUBRK"
"Town";"Shackelton";"TF6BFMKO"
"Averell";"Heffernan";"BCMB4YQI"
"Noll";"Yellowlees";"9CXSX9FG"
"Seline";"Fearnley";"4QW7GU3M"
"Bertine";"Pickles";"NC49U54X"
"Ezmeralda";"Plank";"UVK4HPAJ"
"Athene";"Brann";"WV1ZB2EA"
"Richardo";"Bartomieu";"FKEUTG5H"
"Germayne";"Scrivens";"I5726NRC"
"Erna";"Ugoletti";"73JDUTJM"
"Consuela";"Longfut";"3HVA2T6B"
"Zachery";"Hammerson";"34P5D1TD"
"Bebe";"Purnell";"VIRIUE3I"
"Virginie";"Pedrick";"L7D70MBD"
"Dorrie";"Chart";"1VHDU1HZ"
"Lincoln";"Fair";"KUYUMX8X"
"Mel";"Piatto";"SAWY0DOX"
"Gayle";"Kervin";"NWDS5RF3"
"Wyn";"Koomar";"CD2Y7UXW"
"Joe";"Musslewhite";"DPHZ9QEY"
"Inesita";"Blackstone";"1T2N1AG8"
"Nevins";"Gravells";"EZOTIEW6"
"Arleyne";"Gollard";"GHCG93DZ"
"Neda";"Donizeau";"TR342G48"
"Becki";"Root";"VDFEYXQ9"
"Madalyn";"Brouncker";"TZKL9HSR"
"Dianne";"Lockner";"O9AC3IAU"
"Johna";"Savary";"Z4YR6ZIU"
"Sophie";"Niaves";"SVLCXU0V"
"Grissel";"Matiashvili";"E3OT0QVI"
"Anabella";"Ashness";"X1FZ66TI"
"Twyla";"Harower";"CFEIV55G"
"Sib";"Brogi";"33SIELGZ"
"Petronella";"Furman";"R8B0SM2O"
"Cordie";"Maxted";"S6MO0XOU"
"Aeriell";"Tooth";"45CDESSV"
"Kellby";"Kerfut";"1V09TB6R"
"Cameron";"Targett";"EUPJ69TO"
"Shem";"Beauly";"UXX7P1NV"
"Yank";"Eppson";"T8IM8UJG"
"Chanda";"Harcombe";"R1QPCCW0"
"Maudie";"Chelsom";"X1TO5RMN"
"Morissa";"Rickesies";"4NKN4Z53"
"Vitoria";"Yeude";"EG5Q7DKM"
"Haleigh";"Wasmuth";"EL0NUPRD"
"Tawnya";"Drohan";"SLN5Q8CA"
"Moe";"Warlaw";"8HBTG8FQ"
"Martica";"Rymour";"KQVUHA0U"
"Quincy";"Zanetti";"VN0F2UCC"
"Nelson";"Tothe";"TVT4YAKQ"
"Illa";"Vaudre";"I5O4KL91"
"Arden";"Setch";"XXXW9E47"
"Melantha";"Cavilla";"4FF0YR2X"
"Staffard";"Baskerville";"D5V88ERJ"
"Barbie";"Merfin";"8EPMNM2Q"
"Nerti";"Swannell";"RHA23LXK"
"Remus";"Serris";"Z7RU23BR"
"Leigh";"Calvard";"CXO8LH5X"
"Esta";"Bortolomei";"0EI7VVYT"
"Francis";"O'Doogan";"76UOBB8A"
"Geri";"Cazin";"AM6FK9X6"
"Hazel";"Leguay";"AIWGJXNE"
"Lisle";"Bowlands";"XDCF2XYO"
"Ginger";"Tollerfield";"Y7QPIMYQ"
"Elena";"Garnsworth";"I02XSE3O"
"Anita";"Ingerith";"XG4SD54P"
"Catherina";"Warlawe";"TZH2Z9WW"
"Darnell";"Carne";"PVN7B5CE"
"Genevra";"McCaughran";"2YG34W88"
"Rory";"Fines";"XJ01XJKB"
"Cherianne";"Liger";"BDLF83QU"
"Horatius";"Cossington";"IX0PWNIW"
"Jonathan";"De Mars";"C5ZAUXVZ"
"Valentina";"Ceaser";"VZG2LCVX"
"Karee";"Shackesby";"J0X650XR"
"Onida";"Eye";"UWIUXKSS"
"Guido";"Renison";"VLFUHBYC"
"Devlen";"Daubeny";"1H2Z7IM3"
"Shirlee";"Strewther";"H4DFB0MU"
"Dallis";"Burroughes";"Q94R0VWX"
"Ortensia";"Koppe";"NZOZE8Y8"
"Rosy";"Gyngyll";"755XLC5J"
"Sara";"Rickis";"XDA7ZBLE"
"Robby";"Hatzar";"EKIX1QIC"
"Petrina";"Flockhart";"KTE773HF"
"Gaile";"Darnbrook";"BXYU748J"
"Faustina";"Pybworth";"SC00A1LA"
"Hubey";"Rubberts";"1CHWFVYW"
"Emilia";"Kale";"3HP85SNM"
"Samantha";"Fraschetti";"4XW0KBSY"
"Manfred";"Clelland";"5TIK1ZTD"
"Karoly";"Whaymand";"OCJWKA46"
"Berkly";"Waring";"57U2TOYX"
"Francisco";"O'Gleasane";"37HAH4VN"
"Joletta";"Lebang";"T0O76A9O"
"Basile";"Shurman";"O8MAHDLE"
"Gabriell";"Eason";"QT7XGH5B"
"Helli";"Vedenisov";"WRVXIMJQ"
"Hillier";"Wall";"U1C0VWID"
"Valera";"Grayson";"PHJYANDG"
"Quinn";"Antonchik";"RG2U4D9U"
"Birgit";"Lavall";"JQPDU6RL"
"Lynnet";"Clowley";"CNIOAKZO"
"Tracy";"Spriggin";"A07WIRTA"
"Jordain";"Duesberry";"DIYM90TF"
"Dianna";"Guillard";"2RI83A4P"
"Bayard";"Pyke";"BI33VYKF"
"Haleigh";"Kitchenside";"R4ZY0BNC"
"Constance";"Joselin";"AQY4CB0R"
"Branden";"Grayston";"4WR93BED"
"Sebastian";"Marquot";"L6I1RYBZ"
"Aguie";"Chivrall";"USZ0OKK4"
"Niven";"Murkus";"70YNSHNP"
"Tallulah";"Turneaux";"YU3XM7DJ"
"Leesa";"Challener";"F60K1SO2"
"Cathleen";"Mence";"2Z0RC3VC"
"Niles";"Gritten";"16M6CPFF"
"Bertrand";"O'Hartnedy";"GHGID40C"
"Klement";"Yarrington";"DDE4NVWS"
"Charline";"Pawelke";"CXECCZC7"
"Teodor";"Rydzynski";"15UUBNFS"
"Antone";"Ventom";"GL1GE8AP"
"Ansell";"Ellingham";"LI7KME5R"
"Vidovic";"Solano";"FSG4T44Z"
"Constancia";"Lamar";"4U0NP95A"
"Eryn";"Watling";"BG2Y0VZR"
"Baxy";"Malicki";"DF2I6DID"
"Alexandros";"Loving";"EVSO0O8B"
"Ardys";"McKerrow";"K47DCQD6"
"Lynn";"Leacock";"958696UA"
"Steven";"Dunford";"V1PZRAIN"
"Keelia";"Brodest";"N79P3WXB"
"Nikoletta";"Marlen";"2VS9U6QJ"
"Leonie";"Geyton";"GL6SBFJK"
"Darby";"Anselm";"BQEVYSPG"
"Powell";"Coton";"HH8JW8FW"
"Flynn";"Ivkovic";"POXYI1G0"
"Lesley";"Ferrao";"Q10RT1WK"
"Adria";"Bukowski";"8NWMSVRB"
"Leonidas";"Peever";"T3M6XIYV"
"Jack";"Roo";"KSWSLK2U"
"Roland";"Klaessen";"ESVWC1FQ"
"Abigail";"Gristhwaite";"VD81XP1S"
"Helsa";"Gawthrop";"O575K1NM"
"Ayn";"Russel";"55UCZ56C"
"Zebulen";"Morgen";"UHW8VV0D"
"Stillman";"Wiper";"X3AM9T8W"
"Stearne";"Audenis";"PSYOUK62"
"Rowe";"Vandenhoff";"3QL4G35Q"
"Tracee";"Tiltman";"YZ4J42NE"
"Adelle";"Jursch";"I3XW7PU5"
"Rutter";"Rankine";"EXZ5C2XK"
"Gayle";"Pickworth";"XR8TI6YH"
"Stanfield";"Stood";"INGLO0BE"
"Roobbie";"Tabourin";"SSF4EKN1"
"Fields";"Roberson";"V3OI9P17"
"Martelle";"Curnnok";"FI3P3EKW"
"Delilah";"Boodle";"2OF9ZPZW"
"Catlee";"Spensly";"ZLTNOOLN"
"Sarine";"Lude";"D8O777X3"
"Issi";"Chatain";"D74Q1C9T"
"Carry";"Ayton";"ARRYEKFK"
"Nicolais";"Parrot";"S7MADXK2"
"Olivier";"Orum";"4IMDD1N8"
"Olva";"Riddle";"PPGBVD6D"
"Willard";"End";"R3NHB08X"
"Ursola";"Cluett";"PEG5NI9G"
"Fraser";"Fibbens";"2KG0QRBQ"
"Hewie";"Harley";"AHKEC43U"
"Jeanine";"Gillino";"6DC0WUKD"
"Marylou";"Scholefield";"IB358L82"
"Olympia";"Readwin";"QOEHXFAA"
"Nikaniki";"Booler";"B86NZ226"
"Coriss";"Bowdery";"KC88K0VJ"
"Florette";"Schuricke";"TZMQZWEW"
"Odella";"Hubbert";"L3TAJT6N"
"Merrilee";"Poker";"HQOTT34H"
"Bartie";"Pynner";"OX0QPQKC"
"Monah";"Sleit";"ZE98PANB"
"Alejandrina";"Babin";"27WW4TQA"
"Nichols";"Klaesson";"FONIQ13Q"
"Lucie";"Frango";"Q7EC81DI"
"Franzen";"Phizackerly";"RD2XC6QD"
"Andrew";"Pensom";"JHSSC2IW"
"Wallache";"Pulster";"BY35G4OE"
"Wayne";"Feavyour";"F9XSMIYJ"
"Rea";"Dollin";"HJ11NJ6C"
"Wilton";"Boud";"M5HBI2L0"
"Bab";"Gras";"6MW2HJY0"
"Adolphus";"Colvie";"XCCH0A4F"
"Eldredge";"Naismith";"LSWUDX2S"
"Cristy";"Holdin";"RIVS2H3X"
"Wyatt";"Fishlee";"BTUFFXR8"
"Mae";"Penrice";"AVJGT4O0"
"Rourke";"Mazillius";"FMFUDKOW"
"Dorree";"Adamo";"9U6VJYCH"
"Renae";"Syncke";"AH6SZUIX"
"Boris";"Summerton";"11CPNHCH"
"Puff";"Walentynowicz";"I0EVUMRL"
"Dionisio";"McDowall";"6ROU3MQR"
"Johannah";"Clement";"FG4M7U0U"
"Peg";"Sussems";"1S6CCBEE"
"Honey";"Bastide";"Q4J94P79"
"Shayne";"Snelgrove";"I76P5KHU"
"Clementius";"Easman";"PBGFNLF3"
"Rosemarie";"Benger";"91IECNKX"
"Beryl";"Izon";"9OCXJIPF"
"Dave";"Fowkes";"I3HPJM66"
"Barb";"Moyce";"HNJQODZW"
"Kellsie";"Capps";"LD76NPYW"
"Liliane";"Brodeau";"3G47GUKO"
"Omar";"Jannex";"HD3FHBD9"
"Leigh";"Simonassi";"WPWNMN3B"
"Emelen";"Paolucci";"FJY2WYOR"
"Amelita";"Basek";"YN1KPMAC"
"Hally";"Assaf";"T30IUOOV"
"Annabell";"Hull";"M2VAW5GH"
"Skip";"Plewman";"OHS3H21B"
"Daveta";"Henaughan";"32VASQBI"
"Hadleigh";"Laurenz";"KKASP5H3"
"Roddie";"Gaunter";"EB9N4ZC2"
"Damara";"Huntall";"7SOJRY23"
"Shelden";"Nutt";"RQ152QNB"
"Alie";"Valentin";"VOVBD8EX"
"Ag";"Stammers";"D81XUJFS"
"Hans";"Woollcott";"WZ41KEBK"
"Rhody";"Paulitschke";"M2UZLM9O"
"Mirabella";"Kilmister";"FM8EGYZH"
"Catherine";"Peschmann";"R6VVBOM2"
"Milt";"Weepers";"FH58T1T8"
"Adrea";"Adrien";"N0EF0J8Q"
"Scott";"Rozenzweig";"PNL3HLLV"
"Brigg";"Edwin";"0GZKZE3K"
"Ignaz";"Nottingham";"774WEZM9"
"Brietta";"Toor";"8LSUK8SM"
"Brantley";"Nickoll";"06BVTK2P"
"Phoebe";"Gritsunov";"77BVXRKP"
"Sheffy";"Wyne";"JU4S41AB"
"Denny";"Wakeling";"OF5Y77AT"
"Annnora";"Dmiterko";"LVIH62UT"
"Druci";"Ghent";"B6Q2NLKZ"
"Ursala";"Spreadbury";"4BUMNCBD"
"Diana";"Longthorn";"ITUMZ57N"
"Moishe";"Plumridge";"HZBCJ0OA"
"Eugenio";"Clucas";"B14M2KUF"
"Konstantine";"Noddles";"PJO7TKNW"
"Geri";"Purry";"WPX4MWVN"
"Bennie";"Pountney";"XUC8MH64"
"Clarie";"Otley";"9OLKVJUL"
"Allin";"Lohrensen";"94KEX616"
"Orlando";"Shepherdson";"QRA6QBE2"
"Arel";"Fyfield";"MEACHWIK"
"Marilee";"Harwick";"8824JFY2"
"Lorry";"Dillimore";"DEUPCME0"
"Diannne";"Burnet";"ZXJFJF8S"
"Yolande";"Hugnet";"IH80E8H1"
"Donetta";"Fern";"Y9UWG71A"
"Walliw";"Harrad";"4BFYS8LF"
"Sibby";"MacMychem";"ELOMF88Z"
"Kiri";"Bygrave";"EGKZCZ13"
"Sigismundo";"Vaskin";"KOGW72MY"
"Timmi";"Pigeram";"4F90IVWO"
"Sutherland";"Scarrott";"SZ7J2CMD"
"Darlene";"Gass";"H13TLBQS"
"Chelsy";"Dwine";"ES3OQGBT"
"Aldon";"Vasler";"QLBA9ZZB"
"Sibylle";"Wickersham";"F4WM3U0X"
"Merilyn";"Lebbern";"CT6RS596"
"Duffy";"Dingley";"JUQWNQIH"
"Siward";"Bearn";"7W07JA72"
"Ike";"Pagelsen";"1J8JZYK2"
"Ailbert";"Storch";"6G37LDFN"
"Chaim";"Kays";"A7UDDVJG"
"Hasheem";"Soppit";"GT75CC4A"
"Edy";"McCurdy";"JCWOMMC4"
"Marchelle";"Skehens";"XJZB8SHQ"
"Carine";"Epinay";"XOGCMI9V"
"Lyndy";"Szachniewicz";"MXJNNZN5"
"Opaline";"Lobe";"T6XJESR1"
"Agnesse";"Whiteford";"GKDJ9K6B"
"Cobbie";"Chang";"TEZ12PQA"
"Zandra";"Fishbourn";"5JRYFIK9"
"Bess";"Singers";"NPC8BOU4"
"Danika";"Verdie";"MJOLDV8E"
"Niel";"O'Harney";"JUL9FKPL"
"Gusty";"Borland";"DA7IDESH"
"Susana";"Commusso";"7QFB794X"
"Estevan";"Woolward";"QCSPCYDY"
"Sondra";"Bexley";"JE8M76QP"
"Delly";"Tighe";"8QKS3PGP"
"Bobinette";"Gwillyam";"7VG7KAGC"
"Gale";"Tolmie";"ZAMHGSWA"
"Pauline";"De Cleen";"D782HH3F"
"Cathrin";"Enrico";"C2NJRS19"
"Wallache";"Marguerite";"KG4OMUVU"
"Leah";"Moulster";"A0VXF3NI"
"Felicio";"Poag";"ZOBOTQFG"
"Kliment";"Andrieu";"NAE2P9PY"
"Nelie";"Djorvic";"X4OPM14F"
"Errol";"Provis";"6GPDHBG2"
"Godfrey";"Bentick";"ZT0RRW82"
"Prue";"Gahagan";"JWHU0BLG"
"Allx";"Waterhowse";"PAMCOOE1"
"Berton";"Goodwins";"MLVV40ZD"
"Ebony";"Lamble";"3SM3T2CD"
"Anny";"Brinded";"388G0Q1M"
"Angeli";"Sainer";"5GD2MRZ1"
"Leonardo";"Caldwall";"97JLD9YV"
"Nell";"Castillou";"1TARM2PX"
"Nerte";"Doud";"NABJ0W4N"
"Gail";"McCudden";"A9ENRTKP"
"Heddi";"Kubera";"YXR2VFWX"
"Elvyn";"Elwel";"HAC6JGYK"
"Ashleigh";"Haslegrave";"4ZXZ8EZF"
"Merralee";"Race";"H8AQNCO3"
"Jenna";"Firebrace";"OB19WQQF"
"Horatio";"Spellicy";"BQ2VIF47"
"Willard";"Blackboro";"IRGPVTB1"
"Gannie";"Benasik";"BHD0TPXN"
"Edeline";"Nyssen";"6J8HHCKS"
"Morganne";"Dumphreys";"U6RNHQI1"
"Cherilynn";"Frogley";"253XUBZU"
"Asher";"Hailey";"VCWLN8J8"
"Hiram";"Garralts";"OU4L2CUY"
"Dallis";"Pauly";"W1DY93U5"
"Rudy";"Tolworthy";"XT59HA24"
"Tobey";"Cockshutt";"53JJEPHK"
"Ethel";"Rotte";"TCS0D45N"
"Danella";"Tome";"KRC3R3EV"
"Suzanne";"Duff";"D6TAHD2X"
"Way";"Grigoriev";"I1ZHJ38Z"
"Ansell";"Gile";"CKMHQX7F"
"Cloe";"Bontein";"2HVPUAWS"
"Haleigh";"Ebbotts";"9TXPV859"
"Tommie";"Mouser";"7PO2ZQE4"
"Ruthe";"Byard";"MQCYDB72"
"Estelle";"Ondrak";"96LQNVFI"
"Brooks";"Perllman";"9FBOVXJ7"
"Nettie";"Neame";"E9ANYJBA"
"Tobie";"Graffham";"OHJS9SG9"
"Constancia";"Leare";"RA72520J"
"Jareb";"Pohling";"LZD8XEK1"
"Mathilde";"Albone";"KE4O6SMJ"
"Tabatha";"Aronowitz";"16O3RZR5"
"Carlin";"Heaysman";"YJJKFCO3"
"Ezekiel";"Willerton";"AZ15SOCT"
"Robby";"Landsberg";"BOECYXNU"
"Hobey";"Tuther";"BYPZ2A8U"
"Tabb";"Petrelli";"UOSMU5YW"
"Sybilla";"Strase";"S069BR0T"
"Eric";"Huison";"PXEVPXK1"
"Salomon";"Antonio";"6MJAUAMZ"
"Mel";"Orford";"VVVK1ETN"
"Karen";"Colgrave";"6QB638Y9"
"Prudence";"Itzakson";"125J4T5O"
"Melisande";"Lamble";"SCGP97WG"
"Dena";"Moatt";"93YJ61A1"
"Emelita";"Bulbeck";"IPL20BIK"
"Selene";"Udey";"JRCQVGEW"
"Rance";"Halbord";"67MQOX9J"
"Barry";"Conklin";"1FWJSMAU"
"Elnar";"Jenkin";"MGJIGJP7"
"Geoff";"Birth";"S3INKL0W"
"Junina";"Corradini";"7V90MD6Y"
"Malina";"Fantin";"YIH5RO3X"
"Flory";"Whitcomb";"SID1R1TG"
"Yorgos";"Leake";"BX3P9EJO"
"Daphna";"Giddings";"HVZQHWWW"
"Sophia";"Beminster";"YEF0NCUZ"
"Katine";"Gadney";"WT35MY7A"
"Baird";"Stovine";"BQIMHJSN"
"Alaine";"Lansdale";"CSPBNS6P"
"Myrah";"Cappineer";"Y3Y1MQ2C"
"Ame";"Gallier";"N3LQIO53"
"Gordy";"Piperley";"QE7QRBX5"
"Merola";"Bernhardsson";"6S01QX5J"
"Collie";"Filippozzi";"GCX5VV4X"
"Dyana";"Hannabus";"XQQRFFKV"
"Nilson";"Dodgson";"Z8CGKX30"
"Herold";"Cardall";"LO78BW2K"
"Norbert";"Geldard";"XHU1OUBN"
"Rriocard";"Dzenisenka";"GE7QX4UM"
"Jarrad";"Jelks";"L8IHCBFZ"
"Kristian";"Stannus";"ZY89HO3U"
"Gothart";"Stollenberg";"IZ724DLS"
"Elga";"Sirman";"8WP9KE5N"
"Lulita";"Baroc";"6SQZ1O09"
"Willard";"Tapscott";"E84ATYVZ"
"Isabella";"Aucoate";"9FU52FKT"
"Alvina";"Ortner";"DGAY2GJF"
"Augustina";"Lathe";"50KGQ4ON"
"Eustace";"Brockest";"KGF9YDD6"
"Kyrstin";"Braundt";"7AJ73E7P"
"Minni";"Pringer";"I1WWI8TN"
"Meryl";"Coe";"DTN8A7U9"
"Orsola";"Payler";"01IBT73A"
"Wilhelm";"Shemmin";"TXO428N7"
"Patsy";"Astling";"GM8X4C9B"
"Hedvig";"Gaspero";"9JO7RB5J"
"Chrystel";"Tinn";"8TUT4PNB"
"Patti";"Cufley";"OIL7ETQL"
"Annalee";"Fairnie";"4T34XOWU"
"Livvyy";"Ennor";"SFZV98BF"
"Penn";"Sturgis";"7BNTGI1S"
"Magdaia";"Futter";"GBQQ01HB"
"Kattie";"Rice";"O7MFSFZT"
"Erhard";"Keuneke";"85CAOFJO"
"Dina";"Cotterrill";"5PP0DKJ9"
"Lemmy";"Niccolls";"L49ZBSL5"
"Chryste";"Gath";"4ZP1MD10"
"Donetta";"McKevin";"CMHRWD15"
"Alethea";"Wayte";"LCMA1APY"
"Aila";"Thorby";"AK3JSUBI"
"Reggie";"Whitnall";"5SQ97YBU"
"Jody";"Peterffy";"22QNCVCK"
"Cyb";"Eilers";"H2QXWIOE"
"Giulietta";"Shuard";"RL5Y0YEZ"
"Umeko";"Fitton";"QUX5QTLD"
"Augustus";"Hucker";"M77VP5BN"
"Natalie";"Bessey";"5VHADLJU"
"Wright";"Connell";"9MGJ7S88"
"Inger";"Rispin";"E0WDBCCV"
"Francyne";"Izhak";"SPJ16VY5"
"Terrel";"Prazer";"NX3N3SCG"
"Jessa";"Stoaks";"GDIX4EW6"
"Jewel";"Spencock";"ZX6K3H2Q"
"Linoel";"Childerhouse";"R5BBPYHU"
"Giles";"Kenningham";"VGMGW6W1"
"Vite";"Exrol";"8LME5IKZ"
"Broderic";"Moulsdall";"G7IOVD1I"
"Tymon";"Daspar";"7VW8IW5J"
"Gaile";"Lemmertz";"8QG4YA88"
"Lissi";"Crewes";"I7D2IX3A"
"Josephina";"Breinlein";"ABT1VZR3"
"Letty";"Tennant";"4TZYO52O"
"Moyra";"Puvia";"R1T71URR"
"Terry";"Dragge";"XWOQQO8W"
"Dimitry";"Ladloe";"7GXH2XA7"
"Ferguson";"Swannie";"O4DHPAAV"
"Charleen";"Julien";"NSM8BS6O"
"Cari";"Giacopazzi";"0FB0MDKJ"
"Linc";"Klaffs";"U76UF8NO"
"Coop";"Beavan";"N3142VLK"
"Esmaria";"Bolsover";"UNIFJ07L"
"Arleta";"Wyley";"EG4ENWL0"
"Jeth";"Wilcher";"AV42LXXY"
"Sarajane";"Millington";"UVZLHIF4"
"Yolanthe";"Avesque";"JQIJ2S23"
"Dotti";"Buyers";"YJD0FABT"
"Brucie";"Ayerst";"WYOZZYKS"
"Johannes";"Puttnam";"DIBRXANX"
"Whitaker";"Scully";"BZV8G5OH"
"Ram";"Tointon";"JT165SXG"
"Ansley";"Malarkey";"4LIU86K4"
"Tully";"Syphas";"K5HNFB48"
"Christy";"Lidington";"HLL1ZVHF"
"Zach";"D'Agostini";"NZ5NZLRY"
"Josefa";"Yaldren";"EP5FJN7G"
"Laurice";"Muge";"NDY0RV2O"
"Glyn";"Naish";"BCVT87QM"
"Beatrisa";"Reek";"INZCX4DN"
"Forester";"Causton";"3FOTBM8H"
"Katee";"Connachan";"0ALUBTGA"
"Sharity";"Costelow";"17WRLBOQ"
"Lela";"Bosche";"LYPW1OK9"
"Marney";"Fursland";"CE93FHO5"
"Itch";"Alps";"PXXCWKYW"
"Steward";"Gaudon";"8OK52RN5"
"Ebony";"Crone";"OYMHISWJ"
"Enid";"O' Clovan";"XPJ3MQ5Q"
"Selestina";"Olexa";"73F0OPK3"
"Phillipe";"Portsmouth";"JNLXCDT3"
"Rollie";"Fevier";"YBN2FYFY"
"Jamison";"Buxey";"YHGXFZJG"
"Mufi";"Mully";"QZQL1P17"
"Lilia";"Kindleside";"BNYN6BF3"
"Marni";"Corrett";"7HOU9SFD"
"Finley";"Danneil";"1DTVLQ0W"
"Mahala";"Tappin";"2TBQ8JD0"
"Berthe";"Toms";"10DQU0GW"
"Shaine";"Danilowicz";"KD7VX40A"
"Alberta";"Daughtry";"TP5SRU3N"
"Corinna";"Foch";"Y6R3DAMO"
"Heidi";"Wilbud";"SXP124JB"
"Meade";"Nabbs";"UW30LVM1"
"Madge";"Whyffen";"4FX5KEQS"
"Darlleen";"Kilmurry";"B8JJMVIT"
"Cris";"Cawson";"YO0PUMAE"
"Claude";"Daniellot";"L5XUXAPV"
"Marmaduke";"Corderoy";"X30064RP"
"Britt";"Reckus";"TA061GQ1"
"Caz";"Trattles";"IEEN8O06"
"Redford";"Dorot";"NGFLRUX0"
"Wendeline";"Dudek";"QBUTEOBU"
"Conrad";"Scrauniage";"DSMSOIDZ"
"Erma";"Manuelli";"1ID11CM5"
"Chandal";"Beardmore";"4X34DAD8"
"Hadrian";"Kaysor";"059R97DK"
"Forster";"Jumel";"0CDFJQND"
"Elnora";"Bunney";"GD6558EN"
"Eva";"Going";"OBT90HOH"
"Xylina";"Backen";"1AD2BGFE"
"Derrick";"Kos";"N0K3OWVN"
"Sergent";"Lintall";"HLSKZ5KC"
"Mellicent";"Ovize";"8XKU68EP"
"Cobbie";"Keesman";"VDSXDNV7"
"Jerad";"Billingsley";"I03QZ7QD"
"Dennis";"Mantrip";"8TQUG33U"
"Rheba";"Lampaert";"9D1G4R4W"
"Dianemarie";"Akenhead";"FC8O6ZN7"
"Adelheid";"Gallemore";"OA4UTUCH"
"Berrie";"Lidgey";"KCMN04LH"
"Cris";"Eykelbosch";"YLBKZUEZ"
"Fons";"Coggin";"0HJ2DWVD"
"Jorgan";"Schwier";"JXT5CNEQ"
"Ricoriki";"Willshire";"NGDQ8TRV"
"Anestassia";"Asel";"DSK45OWP"
"Stefan";"Torns";"T2RUFH0M"
"Kathye";"Emanueli";"04Y2YGOX"
"Bendix";"McSporon";"BHQM3EXJ"
"Melania";"Fellows";"09XZHJKL"
"Tori";"Blasi";"P6HHZVVY"
"Evy";"Lilie";"6QIX6IW6"
"Buck";"Gimeno";"731NM2CN"
"Maurizio";"Wadham";"TVNKRSAX"
"Alica";"Balshen";"6JHWFKA5"
"Dickie";"Guilloneau";"KONCCX75"
"Danna";"Mitchell";"QI0U6ZX5"
"Sabine";"Vassbender";"2SBV5H10"
"Robinette";"Dymock";"JV6D34WV"
"Roze";"Williams";"IL56SV6A"
"Opalina";"Keggin";"GBB0GCAR"
"Paolina";"Sandbach";"XB6OZY99"
"Justen";"Vince";"FMQMYXI3"
"Ferguson";"Spaunton";"4YUHR2RT"
"Marina";"Balmer";"TL00ESO9"
"Joyann";"Bernardotti";"27DYNOWY"
"Francis";"Orpyne";"W0U5DBQ3"
"Maynord";"Curteis";"WXXQCUMW"
"Blinny";"Edridge";"460YYPUG"
"Rodd";"Beven";"0YB1HUKB"
"Norene";"Talby";"P0W7T8ZT"
"Nessa";"Miners";"S42CW4BC"
"Sadye";"Glasgow";"V4JZRVQL"
"Kendrick";"Adao";"IOFXIHOL"
"Holly";"Enns";"4UIKG1PT"
"Frederich";"Abramowitz";"42EC3CW7"
"Ailee";"Doy";"NQGZLHTS"
"Alfie";"Draude";"D6TNZN7Z"
"Jacinda";"Grigorey";"ZRGW644C"
"Alwin";"Rodbourne";"49UH42FA"
"Caro";"Murkin";"TDQELSGX"
"Cairistiona";"Pick";"ESICLJLJ"
"Ashien";"Abramamov";"SE56WZH8"
"Elyssa";"Benedikt";"YDOOG91G"
"Ynez";"Pease";"SQ92F1A6"
"Ranna";"de Guerre";"9BCOTAMD"
"Dierdre";"Segar";"J1484RMB"
"Suzie";"Osbidston";"LTGP0HZ3"
"Carr";"Gehrts";"LX5NC7JS"
"Alaric";"Goodley";"0KSMRREC"
"Elie";"Attenburrow";"P5BH82Z9"
"Thedric";"Di Roberto";"FXCLG8X4"
"Ruddie";"Telezhkin";"Z4RFUG4D"
"Rockey";"Blumsom";"HMSTZRWO"
"Sonny";"Downham";"2UM84L62"
"Xerxes";"Leif";"0IWWIO4V"
"Mal";"Kleinzweig";"5RL9SQ8N"
"Hailee";"Runcieman";"XAVEDD74"
"Dorothy";"Giorio";"7EUFRA6J"
"Haleigh";"Pinching";"KWYMXJQL"
"Griz";"Danaher";"TNL2RDGS"
"Nada";"Rhucroft";"1EMHP9GC"
"Ansell";"Reece";"NQTZ710C"
"De";"Baughan";"53QBS1YK"
"Putnam";"Connal";"5POZV0PO"
"Domini";"Rowland";"NC5ERMRH"
"Lucila";"Doggrell";"ZLQKV6EX"
"Isacco";"Fliege";"APZDJAQR"
"Garrek";"Ygoe";"1OSSTZCD"
"Ulysses";"Anstis";"XCCH249Z"
"Dall";"Ades";"Z2HMF2IH"
"Filmer";"O'Gorman";"XIZT9CWY"
"Adrian";"Kubik";"3I98XA20"
"Ambrosi";"Peschet";"TP4LBHTG"
"Shelley";"McTrustram";"555JXTUE"
"Gasper";"Matzke";"G9IBSGSB"
"Stanly";"Haines";"QP5RFIR0"
"Vaughn";"Winny";"6062ET2X"
"Ephrayim";"Gaymer";"3P9G94SI"
"Jorge";"O' Ronan";"9ZVP9ZLJ"
"Wylma";"Carman";"0OC59FM7"
"Guido";"Baack";"GC6Z2FBM"
"Birgitta";"Deniseau";"ISH2NKYL"
"Ebeneser";"Mc Curlye";"70MN5QGG"
"Gretal";"Sciusscietto";"3VPHFQZP"
"Kippy";"Frankiewicz";"1YZ79A6X"
"Gilbertine";"Penhearow";"421YK8ZD"
"Kendell";"Hessle";"PR1CDD6P"
"Cyrille";"Woolrich";"4MOFTWZS"
"Blinni";"Habbes";"E7SVAZER"
"Feliza";"Dunk";"BZFJE64X"
"Arley";"Childerhouse";"HFYLATI0"
"Sterne";"Stoate";"FMNZAK68"
"Chrissy";"Gurner";"IK51NRJX"
"Nickolas";"Meneur";"1CUOBLV3"
"Annadiana";"Eriksson";"Z4JJOBQO"
"Artie";"MacCulloch";"VTJ714KM"
"Parry";"Cromie";"FZ9LSWTI"
"Marcello";"Biles";"V84GD9T4"
"Chip";"Antoniat";"B1DAOMB3"
"Shawna";"Carbonell";"8VULBA12"
"Seline";"MacColl";"91DDEE6L"
"Rad";"Scoggans";"DECLPWJN"
"Hans";"Lacasa";"RWERFMPM"
"Justine";"Presslee";"IOLQ84L9"
"Joly";"Alasdair";"LZNQFEXA"
"Minerva";"Patton";"V1A88Z90"
"Ronnie";"Mabson";"L3IAJXQT"
"Tiffy";"Matura";"ZD4TLDR5"
"Gusella";"Maith";"BP2ZY9U4"
"Gardener";"Ferguson";"J8WAJIOI"
"Murry";"Mumm";"7A6TGPWL"
"Lydie";"Carah";"QH3TR5X9"
"Albina";"Gradley";"8LQP5C1Y"
"Stanton";"Philimore";"Q72V5RB7"
"Chelsy";"Carolan";"U5UD0RQ2"
"Nicolette";"Curme";"4GWV2IDX"
"Breena";"Forre";"GQEENRB2"
"Bertie";"Bere";"X3CXZHEI"
"Thorsten";"Panyer";"37ARQ3OM"
"Oswald";"Terrell";"1YF3G3DS"
"Curtis";"Arnell";"UYOI136P"
"Lian";"Linwood";"LDR0DK4Z"
"Parry";"Sivewright";"O9X3HLNS"
"Genni";"Racher";"K1AD47CB"
"Afton";"Chatel";"HA8813QV"
"Wendie";"Trouel";"0VAHDOLT"
"Maxwell";"Gibke";"XX3NQTY6"
"Celestyna";"Fransemai";"EA48IWIO"
"Sylvia";"Tapp";"0IEUBQW8"
"Cleavland";"Varns";"ZPXWDM5S"
"Audrey";"Capron";"ZTZNIHQ4"
"Gretchen";"Ferrey";"KN8DMKUT"
"Patrizius";"Badham";"JWQLTL0D"
"Berkly";"Carnelley";"Z1G7KBZW"
"Inga";"Ucchino";"J7AL5ZR6"
"Adriano";"Sawkins";"S3DC6DOP"
"Jamie";"Hinchon";"4BMIUAUC"
"Wood";"Harold";"LS36SJA7"
"Karl";"Peckitt";"NOTB0IHI"
"Lucie";"Tomas";"AC7YKAV4"
"Amity";"Staines";"LFPP0F8Y"
"Janette";"Stoter";"YK0N3QZD"
"Roanna";"Eckels";"Z98X1DMJ"
"Allx";"Fosbraey";"6844Z8PZ"
"Kally";"Fortesquieu";"56JTZIUV"
"Salem";"Camblin";"2IEDYZBP"
"Isis";"Melonby";"GW0LGIFZ"
"Brandy";"Edmondson";"2XR78I6E"
"Loraine";"Grim";"CY1CS5NS"
"Tabbitha";"Criple";"ZSZFZM0A"
"Claybourne";"Waddoups";"V5Y6R5NV"
"Yard";"Gonoude";"J9Q1FER9"
"Raddy";"Petegrew";"64GE7FR9"
"Bondie";"Grandin";"QBWMVC13"
"Shara";"Mullins";"7EXOVL00"
"Basia";"Polhill";"UKU575FM"
"Shurlocke";"Ayllett";"QD5RMHVB"
"Corinna";"Bailess";"4G3NGUFQ"
"Yoko";"Sancroft";"JS8COA7W"
"Ruthy";"Nineham";"UY43RPIT"
"Baillie";"Rudinger";"66YN7BYE"
"Grata";"Doles";"CLB9U3R2"
"Currey";"Ayers";"KGI9VHQR"
"Franciskus";"Izak";"9QFY9HBT"
"Philomena";"Van Der Weedenburg";"W2MD5Y65"
"Thatcher";"Shucksmith";"PGOYXJ1B"
"Tonya";"Joynson";"9BLVADQX"
"Rory";"Maron";"6JC8SCYT"
"Reinald";"Flahive";"19SAHT12"
"Ebony";"Trewhitt";"YJNPYIIA"
"Randi";"Kennan";"7NSKSPWK"
"Ignacius";"Zold";"94K36S65"
"Egbert";"Warren";"Q2ZLBRO8"
"Godfry";"Gooms";"QOC04R8O"
"Iolanthe";"Lavarack";"ZU81L8KX"
"Elissa";"Saltmarsh";"BWZMDBNQ"
"Will";"Artinstall";"3BCNLTSS"
"Nona";"Mattiacci";"97I1EGHQ"
"Annice";"Sieve";"8OXJDNSR"
"Beilul";"Filer";"AM9IFP2T"
"Antonella";"Mosco";"ZUS2PKF5"
"Maurizio";"Stepto";"8ZX94TUA"
"Raymund";"Watchorn";"XDRWSD5X"
"Drusi";"Codlin";"3GP7YOL8"
"Rasia";"Muscat";"TLL9DM5A"
"Bobbette";"Orman";"CQ2P0HQ3"
"Nixie";"Hertwell";"5XKV2PM9"
"Sonni";"Bubb";"5TTYRIIQ"
"Skipton";"Dominique";"MYPRRQ0P"
"Marris";"Manjin";"HJ4L7Y5S"
"Amalle";"Pleven";"NA6W5II4"
"Gayle";"Teaz";"9Q9CYERN"
"Ulises";"Batrick";"CZ5MJ21H"
"Morse";"Phil";"J2TW5QPS"
"Berkley";"Edlyne";"C64KPJ7U"
"Shaylynn";"Beresfore";"CPYW84RU"
"Rebecca";"Matthaus";"KXJNIQUZ"
"Sheree";"Brikner";"IJI5S0JX"
"Ephrayim";"Whittingham";"376IBQG4"
"Ellene";"Hook";"OO5GPFPI"
"Berke";"Hiscocks";"WPAJG8QG"
"Gordie";"Bransgrove";"ZC6Q7DTP"
"Ric";"Hiers";"75KOE2MG"
"Far";"Di Antonio";"CJ7PNW6P"
"Nonna";"Augustin";"8YAMJGX4"
"Alfi";"Agar";"50QKR70G"
"Katharyn";"Gonthier";"UVDFGFY0"
"Odelia";"Roglieri";"2BPY98UV"
"Jemmie";"Romei";"VFW6PC9P"
"Leandra";"Overland";"8CA2PQSK"
"Morley";"Trimble";"MKEQY2NY"
"Rosamund";"Mackett";"E6YXTQW0"
"Antone";"Kewzick";"TKRV9AJI"
"Juliana";"Bech";"2WKZ4VWV"
"Nilson";"Rodolphe";"Z3A8BLWO"
"Madeline";"Gerrens";"GKY7KB0Z"
"Gerhardine";"Muffett";"8P2KZMAB"
"Cynde";"Keavy";"8L798IOQ"
"Otto";"Messier";"R7WAQR4Y"
"Haze";"Alessandretti";"SGUV7AVT"
"Haleigh";"Eronie";"HEN3TFO5"
"Aeriell";"Girardeau";"NUZNZQJH"
"Emmalynn";"Le Barr";"YEDAB7T8"
"See";"Waldram";"XXZPW4O3"
"Trudey";"Tuxsell";"HBFDSSTW"
"Bucky";"Grigorini";"M49HCIU0"
"Eddie";"Tarbard";"7UIWH0VZ"
"Rufus";"Ingry";"9WI2NJQA"
"Celisse";"Comazzo";"85D2BIJ5"
"Ange";"Van Baaren";"PS8EZVMN"
"Shurlocke";"Vecard";"FOD493UE"
"Irving";"Beade";"LJWV522B"
"Jo ann";"Glendinning";"2BFX8P7O"
"Patrice";"Ashmole";"HNCPOB12"
"Clayborne";"Buckle";"KWYSBYJ8"
"Batsheva";"Scardifeild";"5315ADSA"
"Nancy";"Halwill";"L01M11R9"
"Richie";"Killelay";"XV2OOSOQ"
"Jarrod";"Mathey";"4CCEMIZS"
"Benedetto";"Magne";"ZGZJF412"
"Roda";"Brenard";"9NEWR9BG"
"Stormy";"Massel";"5WBUIXM5"
"Maryl";"Waison";"LS50XMEF"
"Falkner";"Bathersby";"GGFE5D0A"
"Addy";"Whyard";"5YK71YG4"
"Micaela";"Chrystie";"TQHMJWCJ"
"Dniren";"Filippello";"CU9XLS5U"
"Seumas";"Harries";"2MM1VXDD"
"Arlan";"Scullard";"N8W7KLKC"
"Siward";"McArt";"2M0ESJEQ"
"Jaquelin";"Cayley";"7DB6BEJU"
"Gerti";"Scarborough";"XI03WR9C"
"Britt";"Floris";"VT6SGAB0"
"Raimund";"Simmell";"IG9TH59X"
"Johna";"Ponde";"ZO0ZTFQT"
"Beverlie";"Shurrock";"7Z84RC78"
"Mirna";"Bickford";"SUMRL0Q4"
"Dreddy";"Vanlint";"589YMBRA"
"Antonio";"Schultes";"69Q7BYC1"
"Winslow";"McRitchie";"5DG5JRYB"
"Merill";"Calton";"VBQSJ55P"
"Katee";"Casterou";"Q93VAILT"
"Willie";"Sinclaire";"3JV1AM8V"
"Caria";"Skellon";"TMLQTK6J"
"Lazaro";"Skip";"JQKMAXAE"
"Mendie";"Fernihough";"OHETAO0I"
"Deeyn";"Thornally";"NHCKSPPZ"
"Fancie";"Findley";"N6KKF8P9"
"Nalani";"Huonic";"8F99FUIH"
"Horacio";"Danilchenko";"9IIEZ95S"
"Franzen";"Ballendine";"3W1MTL7A"
"Homere";"Kingswood";"GWGPIX7S"
"Eliza";"Yakovliv";"YM20FMFF"
"Bruce";"Queripel";"XK6B76TW"
"Fabian";"Peealess";"HM444PTZ"
"Aleta";"Eatherton";"R2PHBIWJ"
"Kora";"Peteri";"8SOV3JH4"
"Fancy";"Shay";"NE7SVWZ5"
"Celina";"McCreadie";"UT0FBS19"
"Curran";"Lexa";"V0R2XLM4"
"Adrianna";"Lehr";"VPI3WDWV"
"Hildegaard";"Barbour";"PUB3ZEJE"
"Mirelle";"Natwick";"J2GDVJ3P"
"Ekaterina";"Craydon";"MPPZ9F7T"
"Bibby";"Knaggs";"NZLI261C"
"Norry";"Harmes";"1M13ES4N"
"Zacharia";"Orrow";"9SYI3QQ3"
"Julianna";"Firman";"QJHVWRED"
"Jennifer";"Goodings";"I43H8T1R"
"Lani";"Jinkins";"03GYP3XU"
"Leontine";"Skipping";"P5G0EHEI"
"Anthony";"Maisey";"ONI515ZP"
"Rasia";"Skein";"FB8MWF8C"
"Cecilius";"Liddyard";"QXHP53AF"
"Vernon";"Fautley";"T585OKMK"
"Karel";"Braams";"H904G2NS"
"Alyce";"Applegate";"XVT5879T"
"Tresa";"MacCrosson";"K2XPP3NC"
"Dario";"Hurll";"ZQKA4HF3"
"Tybie";"Lemerie";"Q94I3678"
"Silvio";"Woehler";"J32H3UT5"
"Adelbert";"Jaffra";"5KBNICIU"
"Helga";"McGinnell";"8NXEFX4S"
"Dunc";"O'Docherty";"MQKAQPIF"
"Shalne";"Keling";"EG3PJRM6"
"Vania";"Toner";"P8FM1PSZ"
"Erminia";"Stimson";"WOYPKMQF"
"Cathie";"Swyn";"703SY85J"
"Laina";"Layfield";"9CRI45Z8"
"Yurik";"Trobridge";"R2FAXEW9"
"Jeannette";"Henze";"DKJS5B3O"
"Kinnie";"Considine";"F3488FJV"
"Prescott";"Fleckno";"2KHPCUPR"
"Rafferty";"Lasseter";"TQV6TS5U"
"Cymbre";"Hebburn";"GMY4VWR1"
"Eda";"Baxter";"MEBK46DM"
"Karoly";"Lockitt";"71C0O165"
"Shirlee";"Iddins";"CT9UP4AQ"
"Benedicto";"Stoffel";"MP7FZ03M"
"Joelly";"Tertre";"H8JELUWH"
"Sherye";"Poland";"YLCCN6FS"
"Robert";"McGonigle";"LUUD6BHM"
"Burton";"Jenman";"12B98ENR"
"Salaidh";"Armatys";"RQ7OYIR9"
"Marguerite";"Story";"IYQH6IZA"
"Derby";"Hallam";"Y108BLDC"
"Frannie";"Kildahl";"BTOUVXDN"
"Renae";"Cathcart";"K1MLT0DW"
"Keenan";"Flieg";"L8SS1AO3"
"Hatti";"Menure";"OXO77BWB"
"Ewell";"McPhate";"NF5GRG0M"
"Kristoffer";"Bengoechea";"WRTGF5LD"
"Carlota";"Olwen";"K19XDAQW"
"Harbert";"Holttom";"28G1GYD5"
"Buck";"Humby";"T19W4BTG"
"Celie";"Aristide";"75MQ32C3"
"Shanta";"Attwater";"6OEL2C93"
"Galvan";"Le Prevost";"ELIEF3US"
"Germana";"Extall";"N7QOA4YA"
"Seana";"Wingeatt";"UOAVMWZI"
"Sabra";"Fitzroy";"ZGU9IZKL"
"Ernestus";"Eadmead";"JCNJM0BY"
"Dulcy";"Van Niekerk";"RRKMH6MU"
"Graham";"Rymmer";"KTPFYDSJ"
"Vonnie";"Tedahl";"6PICTUZG"
"Barth";"Davenhill";"6I0MXH0T"
"Mollee";"Tweedell";"1E83X8XM"
"Georgianne";"Mallabund";"C28UDAV0"
"Agnola";"Byres";"0YSTQQP7"
"Cosetta";"Bootell";"7R8GTB94"
"Britteny";"Pikett";"OGVENKCD"
"Jacqui";"Pisco";"NW0P14ZQ"
"Neely";"Fridaye";"MGCLKPUK"
"Lowe";"Loadwick";"GY40KYFO"
"Adrienne";"Ratcliffe";"NRF7U7UG"
"Erwin";"Phear";"JEWM0518"
"Leonard";"Linde";"JZKIRKYC"
"Emeline";"Choldcroft";"DYBGAYL8"
"Portie";"Michelet";"ADB75JHR"
"Dreddy";"Aldgate";"554R53JG"
"Udale";"Mingard";"HSZ572GE"
"Alden";"Lohden";"T2AE904V"
"Teddi";"Weeke";"FUFR6YUT"
"Caryl";"Scudders";"4EALRSY0"
"Sharyl";"Francino";"P1FE0HAR"
"Sashenka";"Sansom";"2ELM75UL"
"Lily";"Danelet";"9D7ZDZW5"
"Ronalda";"Poter";"4A990MHL"
"Ives";"Wyper";"P72DIERG"
"Shannon";"Barrat";"53PAWCL5"
"Giacobo";"Lacrouts";"C5MCGW9E"
"Kellie";"Witsey";"XUDEOOJT"
"Prescott";"Snelman";"1F3QYW9Y"
"Alvy";"Nosworthy";"GAYRPBPF"
"Goraud";"Wallenger";"PUT8QLO8"
"Jen";"McCready";"2BH2EMTA"
"Charmian";"Shaxby";"8JLTJDXQ"
"Conny";"Hundy";"IHO6UIEA"
"Olwen";"Ashtonhurst";"C8D2H121"
"Morgen";"Tamsett";"2TQ1VNV4"
"Chrysler";"Skoughman";"WA8OFE1P"
"Callie";"Bibbie";"EEFRZ1L9"
"Milka";"Cathrall";"O2VGG4GF"
"Madelle";"Massy";"2DO4OMY2"
"Serge";"Stainson";"LP0DHWI3"
"Wait";"Loyley";"DPGUXF3G"
"Hester";"Endicott";"M9S26MEE"
"Dario";"Munroe";"A4OA32MO"
"Samaria";"Dadd";"B5OMLTVD"
"Maxie";"Malecky";"XO731YV5"
"Darrick";"Pitcock";"RPW33IF9"
"Emmey";"Wyche";"137407W6"
"Nana";"Paszek";"XKIL6SLY"
"Ann";"Tottman";"8ZGK2627"
"Dunc";"Cutler";"GILZEYWC"
"Berkie";"Farmar";"PJFM0VPL"
"Kylie";"Patifield";"4G8MZ7PV"
"Sonja";"Cuthbertson";"TERVHB8M"
"Emmalynne";"Lombardo";"8DNRGB1S"
"Zared";"Cholwell";"AIMRP2XR"
"Tildi";"Pioch";"8LPKPUK6"
"Deanne";"McCoy";"CFUHK94K"
"Neill";"Follacaro";"RIOR8R4F"
"Raquel";"Bissell";"IWUWLVBW"
"Elysha";"MacCollom";"PSC1US33"
"Terrijo";"Kightly";"BH5DC88S"
"Dion";"Thirlwell";"5T4TMF6R"
"Ardella";"Parkes";"CYG3JYE8"
"Bryant";"Want";"MV6SVUGX"
"Elmira";"Everex";"RO1S3BFP"
"Gretchen";"Erett";"82GC99XZ"
"Nichol";"Szapiro";"NIZYPX9L"
"Susanne";"Goldthorp";"O35KYF97"
"Skipper";"Scneider";"MFIBI33I"
"Innis";"Janzen";"NA91OP8A"
"Worthy";"Lamers";"XWCM4L5S"
"Darice";"Klausen";"ID0WRMGP"
"Aurelie";"Rossoni";"GC8BIUQV"
"Tine";"Kerrey";"UVTUM2N6"
"Dugald";"Binden";"N6X2AGYR"
"Benedicto";"Huban";"NEVBJ3HM"
"Boote";"Hunting";"7MG7N2O9"
"Chere";"McKeand";"1K5Z0Q8U"
"Ruthy";"Gutowski";"XY3WN0NP"
"Lyda";"Skinner";"TWEOJOO4"
"Tye";"Ledbury";"NMOYORI9"
"Wilhelmina";"Mathen";"Z63WJCFY"
"Derrek";"Darey";"RE6J94KC"
"Adler";"Belasco";"EFY7UVS2"
"Lurette";"Klaes";"769FF8YO"
"Orrin";"McGonnell";"4Y3YP12Z"
"Faber";"Bambrick";"5OQQVSEZ"
"Maxie";"Hallt";"3Q0CRTN8"
"Montague";"Aleshkov";"X7ZWL8IW"
"Jeniffer";"Philipps";"Z0IC8GY6"
"Tyne";"Chantler";"T1QJZE36"
"Dewie";"Skace";"PHTV6R4G"
"Christoper";"Ramshay";"ZI3POESA"
"Ellissa";"Oakton";"2JS7YGQ7"
"Hall";"Fattore";"38KGVXMK"
"Alvira";"Hechlin";"UCOKBVXA"
"Alecia";"Lavens";"ZS0V4JRT"
"Noble";"Raithmill";"A1HQ9JSH"
"Dewey";"Guerrier";"PKYRZKIE"
"Ethelda";"Bourton";"VQDBNFNP"
"Batholomew";"Buckbee";"C3ZHO5RS"
"Torry";"MacLaren";"D2I2SZSQ"
"Ines";"Danovich";"VMCIYAA7"
"Guenna";"Dysart";"LIUI55I2"
"Natalina";"Martine";"7AU9URC7"
"Barnard";"Sazio";"94S7I4DZ"
"Patty";"Annakin";"5QVA0MH6"
"Ula";"Stodd";"5QN8BW0H"
"Lissy";"Woolerton";"UP8465YH"
"Alameda";"McCuish";"ISP1P7J8"
"Kenton";"O'Glessane";"IF7D6Z94"
"Conny";"Whisson";"AOCNKBFK"
"Ursulina";"Poolton";"TCAHUDIO"
"Charlot";"Patman";"AASG0Y4X"
"Jaquenetta";"Veldstra";"Z02JU64Z"
"Langston";"Stuehmeier";"J9P7JD1U"
"Angelo";"Civitillo";"XHINZH4Y"
"Colene";"Craddy";"1AHP4GNZ"
"Fianna";"Cashford";"QVVEF6B1"
"Melisenda";"Arnholtz";"QVOZ8U1F"
"Cletus";"Obington";"R4KAB340"
"Skylar";"Khilkov";"9RZEAC0O"
"Gabbi";"Grigoriscu";"3WRH1Y5E"
"Dru";"Loody";"TBMC1YTP"
"Butch";"Cabotto";"8V6IA3FX"
"Skipper";"Farnes";"16UCNWSA"
"Katusha";"Rosenberger";"8VNSOP9K"
"Cassandry";"Fermoy";"I3DMG9G5"
"Jobyna";"Strotone";"4AVBAX6C"
"Bendicty";"Lever";"XQ4O2E4G"
"Rainer";"Harwick";"5UIKGTYS"
"Cheslie";"Haly";"DE8R5YD2"
"Myra";"Amey";"ZZC62J97"
"Phaidra";"Asee";"ZEB73KLX"
"Nadya";"Gartan";"UY84Z0AJ"
"Jozef";"Tarquini";"GULCSG97"
"Steffie";"Tulley";"18XDTW64"
"Rollo";"Shakesby";"0NE3X79V"
"Demetria";"Dunbleton";"5YKHCAKR"
"Imogen";"Elliot";"GT659PUI"
"Natty";"Lavington";"MPS6K2C4"
"Eyde";"Crosfield";"Y5WTOOG3"
"Pauletta";"Dallon";"3PIBTKTS"
"Finn";"Forde";"PTWMMKOB"
"Sandra";"Ferrandez";"HXPTMDFE"
"Chelsey";"Vickers";"A8FF94RU"
"Gianni";"Kemmer";"HQ47WKDR"
"Carree";"Rumney";"QW6S60QR"
"Bevan";"Lopez";"VAVVYU2B"
"Wilbert";"Hawker";"3Z8L57MR"
"Roseline";"Ewbanks";"I4ERRVEJ"
"Chrisy";"Sugge";"F4KF9T70"
"Sullivan";"Marde";"2MJ1E63C"
"Jacqui";"Lougheid";"V81XC8LU"
"Fae";"Britch";"ROEDS15W"
"Durant";"Varfolomeev";"J2TJL6R1"
"Johna";"Bewly";"K0374PD6"
"Dick";"Bleyman";"U58BWXCE"
"Mechelle";"Blandamore";"MNMP1RU9"
"Jermayne";"Tugwell";"1DWMDI84"
"Kylen";"Gleadhell";"T5B8GRUW"
"Davy";"Kemell";"J2F1HLYZ"
"Angus";"Skip";"PLJT3M8D"
"Georgette";"Trammel";"JD059RQB"
"Quintilla";"Wanley";"C0WS8L5I"
"Jacqueline";"Duesbury";"T7SC699Q"
"Jonell";"Pearde";"WE72CM3J"
"Caritta";"Ratcliffe";"PRB58OE7"
"Flint";"McMains";"W9BZ97ZJ"
"Constantia";"Behagg";"86QQW5UX"
"Lezlie";"Ducker";"Y7XF3X8C"
"Kaylee";"Dunstall";"79NLXXZG"
"Wilhelmina";"Pahl";"RFQZDG0X"
"Roderigo";"Kersaw";"TOG0G7AL"
"Lexi";"Bloy";"DIJV2KSU"
"Jeremiah";"Attfield";"948AY4F9"
"Mychal";"Schowenburg";"BJENT0KI"
"Fidela";"Abrahamowitcz";"8U4ZLAD6"
"Drugi";"McAndie";"T728M2ZD"
"Phaedra";"Gingell";"XHBLZUOP"
"Dorothy";"Stuffins";"YQWEAI2N"
"Pat";"Nijs";"41SERRIA"
"James";"McQuode";"H0MMMZFT"
"Mabelle";"Seif";"NU7YQ816"
"Fernande";"Bullers";"4XTWZOLU"
"Bernarr";"Persence";"713VMJUJ"
"Goran";"Perrelli";"XB7VOA8G"
"Crystal";"Tedder";"O9KTV68I"
"Deloris";"Wedge";"MIE7DY3A"
"Donny";"Lyddy";"Y03UXFXS"
"Terrell";"Rishworth";"X4CTXKQN"
"Elana";"Samudio";"OH2NWIM6"
"Zaccaria";"Copestake";"IQB6C7VS"
"Lynn";"Raylton";"3UJY0G3M"
"Rasia";"Ansett";"GNDXF6LZ"
"Misti";"Youles";"PNN0GSK3"
"Maggi";"Exon";"93H07Q30"
"Florella";"Guynemer";"SN53Z30U"
"Chrisy";"Behling";"WGEZ0N2R"
"Heath";"Kristufek";"9Y4XQGKU"
"Leisha";"Robelet";"X6RK9B77"
"Aidan";"Cowoppe";"ESTZK4IK"
"Rhody";"Padrick";"581SMH6E"
"Patricio";"Di Biaggi";"6T8705HC"
"Jose";"Grinham";"Y7STXK3P"
"Ramona";"Cameli";"9NDUKCLH"
"Babb";"Bagworth";"M0X3NZSK"
"Cozmo";"Lisciardelli";"6XJR3W2X"
"Jacki";"McAviy";"MJGI9QSK"
"Leanna";"McGavin";"XOMREYXQ"
"Madelina";"Cubbinelli";"T3M6U95Z"
"Millisent";"Pautard";"Y0T2V8KL"
"Mickie";"Housegoe";"F2MQ6DSG"
"Denis";"Ludron";"Y2OUCFUO"
"Cloe";"Gloucester";"3O353QZB"
"Paxon";"O'Driscoll";"BSDALMQH"
"Giorgi";"Swine";"TOCVBZ9P"
"Isabeau";"Maymand";"NU1FI6A6"
"Reamonn";"MacNeachtain";"8INFXKEL"
"Mahalia";"Winspur";"V4FPX026"
"Tucky";"Mullins";"PVJNE4QT"
"Willa";"White";"UXKSNRW7"
"Hatti";"Jerratsch";"VVROX1DG"
"Alanna";"Shill";"J4FAYUHE"
"Rozamond";"Benza";"VWL6U57K"
"Vittoria";"Bras";"JN0HLZ8H"
"Roderick";"McMychem";"DPYCPTPG"
"Ki";"Oscroft";"A1IEQQ9I"
"Jerald";"Clinch";"W25LDUCW"
"Skip";"Sheather";"JADWJ508"
"Julie";"Villaret";"RG27EVA3"
"Carney";"Elflain";"XZK0M2LD"
"Goldarina";"Scholz";"TVJCQM0H"
"Hildagarde";"Kobierra";"RLSW48AW"
"Nonnah";"Chatel";"2WC86LVF"
"Naoma";"Iwanowicz";"HP590FO5"
"Margaretta";"Toffetto";"NALCTOH9"
"Mathilde";"Spriggin";"1MT6KRTN"
"Katherina";"Villa";"LWR6RLET"
"Maurice";"Pardew";"6EGO1J5R"
"Fan";"Sandever";"OL3SJH20"
"Goldina";"Bogue";"EKCZ0FT6"
"Bearnard";"Borthwick";"U2C9AOMP"
"Krisha";"Fitzjohn";"R6JHLG06"
"Manya";"Morilla";"95LC3UUF"
"Corney";"Santos";"Q05E6WAG"
"Tedi";"Tampion";"I61T41UO"
"Munmro";"Maddocks";"1FBBPSHU"
"Mufinella";"Elion";"3J3K97B2"
"Charla";"Brumby";"IMNDIYB9"
"Margarete";"Jaskiewicz";"6HYVHBFI"
"Genia";"Zecchii";"FR1KB1UM"
"Daisy";"Shepcutt";"98407W56"
"Delaney";"Gobat";"FN9DC443"
"Marji";"Carle";"AQ9IFLGE"
"Haskel";"Dolohunty";"9DCCK50D"
"Camile";"Darrigrand";"J8MJQOYL"
"Mannie";"Meritt";"79K8KP2O"
"Katherina";"Wheelwright";"XD79M7JI"
"Astrid";"Brauner";"EJ5ZFNU8"
"Michaeline";"Burkinshaw";"OVY0FT93"
"Clementine";"Sillick";"ITAW2A8F"
"Florry";"Cardno";"AS3JE9BU"
"Sholom";"Riggoll";"3247XX78"
"Honor";"Cribbins";"E9VYKJT0"
"Paco";"Bowater";"AOKER37Z"
"Doe";"Carr";"NIFTKKIN"
"Sauncho";"Drain";"O13JZEOK"
"Any";"Pedler";"ZLT3LZTK"
"Latrina";"Grover";"WHFO7TNB"
"Ketti";"Pymer";"1VPCG3TK"
"Tabor";"Raine";"WI2LWSXC"
"Tonia";"Pace";"DNTD0U11"
"Shem";"Bigglestone";"U99LA1YE"
"Marabel";"Bowater";"2IL86OUR"
"Shane";"Janota";"MR4GAVT9"
"Jud";"Kilpatrick";"UXRNEWAB"
"Natal";"Athelstan";"U7VE75JR"
"Morrie";"Cluelow";"7AMKTYF2"
"Susannah";"Yankov";"64302EJH"
"Gerrie";"Wiffield";"162T6KM2"
"Jaquith";"Button";"IWB0JXD8"
"Sib";"Jeaffreson";"2JX8RJX7"
"Zsazsa";"Restieaux";"G3OY807S"
"Koren";"MacIntyre";"H0MWBLGM"
"Daron";"Sewley";"DJVF1QES"
"Bryana";"Pitone";"4LWBN2BG"
"Toby";"Sherewood";"C0LIL7JG"
"Tillie";"Robbie";"GQOUNFNR"
"Cynthy";"McCalum";"ADB6Y1RY"
"Ellwood";"Berryman";"2PFP00KV"
"Tommy";"Hendrickx";"XVRD4W4I"
"Ahmad";"McClary";"WLV8WJDW"
"Elnore";"Kingdom";"52ZN1ZYO"
"Malinda";"Janny";"PPPKTD1S"
"Irvin";"Warner";"KT35VNDW"
"Hieronymus";"Rushforth";"0QJTKWS4"
"Gabriello";"Lavies";"1FLBTDJ7"
"Dyann";"Pettman";"20YZZ2VZ"
"Rachele";"Lardge";"K7DX6IIY"
"Nerta";"Syms";"S9XWPMPK"
"Darrelle";"Veld";"W9SIAH5R"
"Pincas";"Edgson";"6BV2MRCK"
"Sherill";"Poxon";"KEZZNHF4"
"Sly";"Broadwood";"5I90NM4M"
"Tommie";"Giroldi";"ZHV78KA4"
"Hy";"Fawthrop";"CUARGUGK"
"Melodie";"Farey";"EOR863JD"
"Jamil";"Karolovsky";"ZA9NI07B"
"Forester";"Blackford";"0SUU865E"
"Gannie";"Foister";"L6R3E6N8"
"Ansell";"Dilleston";"QEOZ6MGC"
"Danice";"Sowden";"PBSBD41S"
"Mitch";"Hankey";"O6NR7ZU8"
"Udell";"Pritchett";"8BGES3ZU"
"Hollyanne";"Lillico";"84KNZPRN"
"Erinna";"Gibbings";"7GD3419V"
"Marielle";"Purkess";"1F7LAPLY"
"Dorothea";"Spyvye";"NXIJNQOO"
"Elton";"Letterick";"9FNOO27N"
"Wileen";"D'Errico";"OHZI7P9O"
"Dina";"Aylett";"LER74M96"
"Mozes";"Ricciardelli";"PBNK03K3"
"Sara";"Bignal";"YAJ7LMY1"
"Vasili";"Crus";"YF21HAZI"
"Horten";"Grogan";"G01BPN6Q"
"Geneva";"Chagg";"60IWYTWH"
"Maryjane";"O'Geaney";"4KUIUZ7C"
"Bradney";"Piwell";"Q8ULFQ8Z"
"Bethena";"Simoes";"CZRNFSTC"
"Ally";"Spikings";"OMMB36NP"
"Pollyanna";"Brinkley";"IKIWZ7QX"
"Rianon";"Tivers";"XX8YLH4B"
"Jacquenetta";"Callaghan";"HWDN62DM"
"Darda";"Bukac";"A7INB9CH"
"Spike";"Fippe";"H598B9XZ"
"Elvin";"O'Griffin";"HJEDLNSC"
"Clo";"Waitland";"G5NL0WXJ"
"Nicole";"Ianinotti";"YWFECVRO"
"Kennan";"Dyers";"B7VFGKIG"
"Ronda";"Setchfield";"O98XKHB7"
"Cordula";"Duggen";"PFNU3R8W"
"Warde";"Kettlesing";"VAJW8UBV"
"Chelsea";"Ewington";"4MZTHBIE"
"Robinette";"McIntosh";"D0L4VGUL"
"Gothart";"Quenell";"I8UWLW2Q"
"Dacey";"Humber";"M12FN556"
"Kacy";"Cleaves";"C75OU9MX"
"Ashbey";"Grishukhin";"WX2TNON2"
"Marcel";"Goodbairn";"5A3ELSFX"
"Ikey";"Hastwall";"TB1U9URH"
"Dyane";"Abramino";"OJS5AUVC"
"Rayshell";"Pinner";"ZITTODUT"
"Yvette";"Conway";"T3YE2OVU"
"Sherye";"Orgen";"TGQN9L08"
"Cara";"Vallow";"9AVR6BKO"
"Adda";"Dudliston";"K4IGCKHW"
"Eloisa";"Sabbin";"SDWJ55C6"
"Abbott";"Adin";"AO65XW6E"
"Sasha";"Gerardet";"XEVHZ8CW"
"Griff";"Gligori";"KYYEMAMO"
"Kit";"Tomczak";"BSJPHOL1"
"Iris";"Corkett";"ADP30Y2A"
"Jervis";"Deane";"92V33SCL"
"Hortensia";"Navein";"MBU6XJDG"
"Dag";"Shipsey";"SJ0Q4OTH"
"Denis";"Varden";"EJ3ZMDUF"
"Dene";"Spurrier";"HY9683Q0"
"Claudine";"Skeemer";"YD2XHRS9"
"Kaitlin";"Whitfeld";"4NXX66KL"
"Clarke";"Monnery";"JYEE0DU5"
"Amaleta";"Stockbridge";"BSMGO3WT"
"Glad";"Beves";"S6OJCI2X"
"Mavis";"Ditty";"J88HP15S"
"Merci";"Cadle";"5HGTCOTU"
"Wilma";"Spoerl";"Q8PWTPR3"
"Tucker";"Postles";"PKHRBHIY"
"Herman";"Freiberg";"NT6LMY6A"
"Fina";"MacLise";"7V3SCX7Y"
"Cleveland";"Sadat";"82QPYNGG"
"Mason";"Elvidge";"4U5GV9RO"
"Valida";"Amer";"6OFFAY0M"
"Sheppard";"Tumelty";"JIJ7R2XG"
"Celestyna";"Oran";"VK7FR0K0"
"Grissel";"Woltman";"Z7DJMT0O"
"Bernadina";"Janic";"V89D6F3G"
"Lulu";"Andrieux";"9IMB6GZZ"
"Marieann";"Temby";"98ARVFWL"
"Nonnah";"Tunno";"MOK921G1"
"Neil";"Dominichelli";"QKLA0IVE"
"Collette";"Frayn";"M2BMRP6E"
"Kingsly";"Gadeaux";"3EXD4MKM"
"Emlynn";"Dangerfield";"YR5GBSSJ"
"Deane";"Dumke";"8KGSH1XB"
"Kendal";"Doherty";"YXGMD1GI"
"Chrystel";"Dummer";"S82YF21N"
"Fiann";"Quirk";"A1TE2U70"
"Benedict";"Stribbling";"QG1QOAVY"
"Berni";"Stead";"8HUZ1DFY"
"Regine";"Korneichuk";"F6M6366D"
"Wileen";"MacKinnon";"R07RZIET"
"Ximenes";"Ivankov";"UWMPXKSJ"
"Waldemar";"Peacock";"03KHNUMD"
"Alfonse";"McMichan";"DFOR8829"
"Matthias";"Renowden";"9BRACK8D"
"Gregor";"Peepall";"CHQDRDLH"
"Brodie";"Crose";"ADKNLLWJ"
"Northrop";"Messer";"28OJ6EPN"
"Louie";"Fright";"CNZOCTDF"
"Stanleigh";"Conquest";"DLBOFKXE"
"Jenni";"Land";"47STAICU"
"Idalia";"Kite";"ZN1YOIVM"
"Imojean";"Hutfield";"N3IC1ASL"
"Cart";"MacAnelley";"8AEMI22G"
"Orelle";"O'Corrigane";"HP1W57TV"
"Far";"Marvelley";"FCAOY4F4"
"Darwin";"Bliben";"6FMK23XB"
"Flor";"Hollyard";"BJ9XLINC"
"Barnie";"Deeley";"X4L8PUQU"
"Even";"Blenkin";"KQ0BSRYM"
"Maudie";"Baversor";"18VPOLVO"
"Ted";"De Hooge";"64MTRMV4"
"Brandais";"Iacomelli";"R7LXPNPI"
"Adrea";"Skitt";"U5ZTLDED"
"Jessie";"Beresfore";"HXBEF00K"
"Valentina";"Livsey";"8JJ8PKTQ"
"Christiano";"Zambon";"MW28IZLQ"
"Nettle";"Baseke";"NPPIUTYN"
"Brittne";"Belson";"EOPECJXE"
"Rurik";"Waszczyk";"DVKV31SG"
"Sadella";"Varcoe";"S3CTSNTY"
"Verna";"Jolin";"S0WTPP1O"
"Issy";"Krzysztof";"UQ7JN5G8"
"Robyn";"Kilian";"WK0CU2NL"
"Bertrando";"Cunah";"GBL9FHSL"
"Daniele";"Podmore";"GAGD52EY"
"Geordie";"Raymont";"ZXI5JIFJ"
"Meggie";"Shanley";"9YATFGG7"
"Jesse";"Serfati";"GH19DZQP"
"Lexi";"Gudgen";"YNUZI7X3"
"Benedikta";"Fearby";"HMG2O5Q3"
"Jerrie";"Bolver";"6X0OUHI4"
"Gale";"Chalcraft";"9QDZ5XS6"
"Hermy";"MacGall";"UG1T2YP0"
"Grannie";"Brownill";"BP8LVBSK"
"Franky";"Meadows";"15EGXO71"
"Shayne";"Buglass";"SL8DTTKS"
"Rubina";"Lelliott";"S863VACF"
"Gracia";"Skoggings";"PJE0PT14"
"Eugen";"Pinckney";"VGK3RH23"
"Mayor";"Kalker";"YFX7MLPA"
"Orsola";"Startin";"OC247W17"
"Tiphani";"Andryszczak";"N2E08OGI"
"Avis";"Pizzie";"E7ZQSC9X"
"Karoline";"Shipperbottom";"19PBM38M"
"Sly";"Orum";"WEZBNNMG"
"Radcliffe";"Jakoviljevic";"OEIU4873"
"Tammy";"Felten";"557HLLYB"
"Luce";"Luipold";"GRGQ30GE"
"Sheffy";"Davio";"A2WFTJ91"
"Guthrie";"Cuseck";"NABMVOWV"
"Nixie";"Presslie";"FQLAPA6C"
"Juditha";"Jacmard";"5YT3YVZN"
"Hortensia";"Kilty";"NHA69DDV"
"Leanna";"Duley";"N1MTHLM3"
"Ches";"Gormley";"5ESAJ1QB"
"Ali";"Switzer";"6C2OAUDD"
"Shari";"Rodrigo";"075NMQC8"
"Kalie";"Bucktharp";"S0K5WWDR"
"Brendis";"Axe";"DTXJDISN"
"Rena";"Tumility";"XFBTBXCE"
"Kendre";"Mahood";"OCYTDYIO"
"Aldo";"Alwell";"LPOTRISH"
"Carla";"Hub";"CPCVJJHB"
"Katey";"Brimilcome";"Z5JMZJ4J"
"Hollis";"Huddy";"IQVN46H2"
"Domenic";"Preston";"45PNLRQU"
"Rivy";"Rouby";"O45ECA5T"
"Anica";"Grishenkov";"S570R6ST"
"Dannel";"Williamson";"W8IO8AFJ"
"Jillie";"Beumant";"U4XBHQFA"
"Deanne";"Dainty";"YL2II5L4"
"Berny";"Fantonetti";"6G77MW0Q"
"Carole";"Beart";"N9B02P4N"
"Kevon";"Wickerson";"HPTJTSAQ"
"Pavel";"Pudsall";"1C8WZQ3K"
"Fanni";"Ajsik";"AN54FUD5"
"Marilyn";"Tincknell";"0VT6J4XI"
"Honey";"Leigh";"O1LCZEDV"
"Granville";"Reveland";"GKR7V7Q6"
"Geri";"Wisher";"233JENHO"
"Amanda";"Pietrzak";"0WVB0CC5"
"Corinne";"Eronie";"7K74K31Q"
"Jerad";"Wilkinson";"9FHRKDLP"
"Kristofor";"Marchelli";"63SCZ85E"
"Enrique";"Scocroft";"PRA7PXP9"
"Ulises";"Janecek";"4DIPIJGJ"
"Riobard";"Keuneke";"LV2LWRD9"
"Nisse";"Milkeham";"3ZYJVP50"
"Price";"Limpenny";"O829FNSD"
"Julian";"Lodge";"7EJ98CO7"
"Thibaut";"Glendining";"9VT0U7EJ"
"Juliet";"Banaszczyk";"SBCXBAXK"
"Bertie";"Powdrill";"70USWWHV"
"Titos";"End";"FXY9RFME"
"Pammie";"Ibbitson";"056HJDPU"
"Devlin";"Tellenbrook";"W8PZ2DXW"
"Faber";"Reinhardt";"U2DUZIKZ"
"Vasily";"Chestney";"QGWTX07F"
"Alameda";"Gask";"4CBODY5Q"
"Emma";"Anthill";"W2VXWU18"
"Sheilakathryn";"Hallums";"J2A09IIW"
"Angelica";"Beddoe";"INKM97W0"
"Kristi";"Novkovic";"ZM3006Y8"
"Gib";"Gronw";"QB8EVH7H"
"Barrie";"Anetts";"9L5VCVB1"
"Reina";"Fretson";"10VEFOL7"
"Gianna";"Trenam";"J58X568E"
"Jacquelynn";"Aiton";"ZZX18JHA"
"Emmanuel";"Whiscard";"9J98F7M6"
"Falito";"Gout";"X3HUV647"
"Jacquetta";"Beslier";"WN9OYZ3J"
"Kristofor";"Testro";"U393O4QT"
"Mendie";"Cubitt";"3PT8QTP1"
"Meredith";"Luck";"6DPE88UO"
"Tina";"Catlin";"95YE1BOH"
"Kalil";"Smitheram";"J6IBTUXR"
"Roch";"Robarts";"1FEGGM9S"
"Eleanore";"Snalham";"3L214RNH"
"Elsi";"O'Hanley";"ZK8KP1XO"
"Deana";"Trinbey";"5EKCXKTU"
"Codi";"Winley";"2D56BM1L"
"Raddy";"Playdon";"4FMQN0H5"
"Chester";"Jupe";"151YZBDA"
"Traver";"Clooney";"Z9R57OWQ"
"Koenraad";"Davidovits";"7KCG8Z0L"
"Sheree";"Bransom";"CPI1B9QY"
"Clim";"Connealy";"LGVS0BFD"
"Perrine";"Fransinelli";"BWJVZKM5"
"Wolf";"Semechik";"3WXJHI8S"
"Indira";"Copin";"7ZZSEV9T"
"Maddie";"Enochsson";"UJB9HG4B"
"Pattie";"Trevarthen";"FPB31LBN"
"Thalia";"Pinchbeck";"9GSMVGI3"
"Graeme";"Coltherd";"NAIIHFS8"
"Hollie";"Lisamore";"AGR2YNPL"
"Violante";"Nacci";"JPO9DCOM"
"Keely";"Mohring";"8LKW96YU"
"Gilbert";"Smallcomb";"E0O6ZE66"
"Gennie";"Bover";"S984FNM9"
"Leola";"Yegoshin";"F7HJYKW0"
"Alva";"Comelli";"PYCQAEFT"
"Clementia";"Nolin";"N00D2K1F"
"Tomasine";"Worsnip";"2ZBAW03B"
"Arlan";"Muzzillo";"QYUBVON9"
"Norbert";"Heavy";"X5JK475D"
"Kial";"Duce";"DUL6ZCUA"
"Monte";"Scimone";"Q74N4BUG"
"Beck";"Turneux";"UPRVSP9I"
"Sela";"Dessant";"H6KZ7YJV"
"Peg";"McKeever";"GUUAA3L3"
"Malchy";"Hanselmann";"YJPL2DFM"
"Jannel";"Tomasek";"0927CIRR"
"Hamish";"Pyrton";"2Q7DKKQN"
"Ross";"Watters";"PYMUIO91"
"Katerine";"Beazleigh";"HSX3DPGI"
"Audrye";"Puddle";"FQB5UBJY"
"Tedie";"Dowling";"ZI3PXFLE"
"Vaughn";"Feaveryear";"XZ1IGGCS"
"Karen";"Keysel";"6JSSPU1U"
"Merle";"Mouth";"2XCIJVB0"
"Salem";"Aynscombe";"386EBEV4"
"Vinny";"Condell";"4AV0FVJQ"
"Layton";"Leguay";"43M4EJX7"
"Ingaberg";"Canlin";"QB2MXIHN"
"Zackariah";"Becke";"OJUV4KM6"
"Luce";"Nuth";"5KLN4V9G"
"Aldric";"Mertgen";"NDA86E4O"
"Harlin";"Joincey";"RK9AQ5PB"
"Lotty";"Allibone";"Y4J0OQTS"
"Chrisse";"Francesco";"3HW3UONL"
"Darrick";"Bedlington";"7KERZ6GH"
"Ambros";"Cambling";"1DCEOXMA"
"Kay";"Snelling";"EDBV9BC9"
"Julie";"Luetkemeyers";"6DSRMLZA"
"Abbie";"Duchatel";"VY94Z6BN"
"Valera";"Varfalameev";"VYVUI59G"
"Rafe";"Ritchard";"JX3TXO84"
"Annabella";"Gillebert";"2XEO6A3V"
"Kenyon";"Markwell";"7UA06K1F"
"Roxy";"Polhill";"TDYLW518"
"Gavra";"Santori";"FHIYWDSH"
"Brande";"Handscomb";"44REP2DU"
"Griffin";"Jackes";"GTOLXYRC"
"Franni";"Conkey";"WQQ3A9XX"
"Marylin";"McCoughan";"LPJRCI4S"
"Zedekiah";"Camier";"66PLQL1A"
"Lyn";"Vasenin";"N5YK256M"
"Frasquito";"Luciano";"BI5B8EGA"
"Dwain";"Barnewille";"5W1X7MR5"
"Midge";"Lorentzen";"FGJDGKPF"
"Grace";"Fisher";"C8ORPGTX"
"Shandy";"Slark";"H4DOITHI"
"Read";"Canto";"CMHMVO0L"
"Briano";"Beirne";"QUVYRIN9"
"Rivkah";"Bellworthy";"XI8WG489"
"Zachery";"Georgievski";"20LPE7UA"
"Nate";"Alabastar";"LRJPFDWX"
"Jermayne";"Garnam";"M1PC8ORN"
"Justino";"Yurkiewicz";"BQO9QXIS"
"Benoite";"Dyton";"MBZMBXOC"
"Karlotte";"Stannislawski";"LBEJ5LVB"
"Karilynn";"Somerbell";"DT4ORH2Q"
"Marty";"Corey";"8G38PI2K"
"Zondra";"Pilmoor";"FIPZT2LD"
"Werner";"Smelley";"7G22RHR1"
"Trenna";"Cestard";"3QFMA06Y"
"Lucien";"Aldam";"BYJLRBPG"
"Chryste";"Kienl";"EAM85IQ5"
"Abagael";"Marshalleck";"TJAJAJ7M"
"Beauregard";"Sharrard";"4FLJR6WZ"
"Andie";"Dunseath";"7M9AHZR4"
"Winny";"Beddo";"2QZBI7Y5"
"Merle";"Rosenbarg";"3BJDDA5Y"
"Warde";"Ville";"Z8IPVOXJ"
"Bliss";"Abbett";"4UPG8FU1"
"Lia";"McGorley";"MHK1KOYH"
"Astrid";"De Ath";"TBG4REZW"
"Odelle";"Halton";"D2EEP3SE"
"Jerad";"Cron";"HCKOMXFC"
"Earl";"Eirwin";"ZLE22185"
"Shelli";"Peplay";"PDNJ2QYD"
"Darb";"Dowden";"ZF5LD98C"
"Woodman";"Beri";"014EENBK"
"Atalanta";"Trevna";"5LE3FI6N"
"Mercedes";"Vasilyevski";"G8WQSBYJ"
"Brocky";"Berkery";"8T4Q4BME"
"Dwain";"Chmiel";"BWP1F3N3"
"Huntington";"Boatright";"I9QC26YP"
"Claudius";"Suddick";"7VJHDVFA"
"Zelma";"Breyt";"9REXQCRN"
"Arlana";"Lackham";"UMYPVEPA"
"Moreen";"Cromb";"ZIFO0RX7"
"Urson";"Deary";"N2GZPSY8"
"Gilbertine";"Birkwood";"Q8E3A0AI"
"Farica";"Petkovic";"36FVIPU8"
"Arabele";"Pietz";"H1V7HGI6"
"Elane";"Annetts";"J4HHY949"
"Aveline";"Curner";"97L6KY1I"
"Constantine";"Kiessel";"442FGCAT"
"Nap";"Tant";"VPN6F0WW"
"Jacky";"Crohan";"F9LWXJP4"
"Veda";"Bickley";"6OK7SX66"
"Brittaney";"Daingerfield";"P32B6GBJ"
"Carlita";"Dunsleve";"N135Q2EL"
"Monty";"Eastridge";"16Y8ABKX"
"Elana";"Mehew";"TW2FUOM2"
"Melina";"Towner";"FWALBU5N"
"Kain";"Aulton";"FOMCKWXN"
"Elden";"Grosvener";"AET060ZV"
"Delbert";"Tummons";"9C94BOFP"
"Arluene";"Grewe";"SEIJS8CY"
"Urbanus";"Claremont";"7UTJ1VVD"
"Ddene";"Paradin";"THZZ5OHA"
"Olympia";"Skarman";"A1D06FIH"
"Joel";"Stimson";"ZSQOCSSW"
"Celestina";"Pinnijar";"BGDD7U2Q"
"Carol";"Gammidge";"I8I0ZLS9"
"Vannie";"Hemshall";"CGG6UC7B"
"Martainn";"Donaldson";"41HW4SPR"
"Gloriane";"Morson";"V0JR4GSY"
"Forrest";"Shewring";"VDPCA00R"
"West";"Laroux";"R3W2FXEM"
"Dulci";"Borg";"1WV0VU3P"
"Eugenio";"Swanbourne";"T761QNB7"
"Micki";"Di Lucia";"GVVKCLY0"
"Agustin";"Myatt";"76486A4B"
"Alfonso";"Angless";"3RJULEZD"
"Camey";"McNerlin";"YN2ZSWCQ"
"Cassie";"Buckbee";"23LARBQC"
"Audre";"Mays";"SKMS25IH"
"Skippy";"Frankcombe";"X5J0230Q"
"Reina";"Sansom";"A6I1GTOS"
"Hartwell";"Cowwell";"F1J9SNMN"
"Danella";"Colerick";"CIQI94V5"
"Sanderson";"Blase";"SYKVN3MN"
"Keary";"Sturdey";"YNWDZXM7"
"Gleda";"Fowls";"P3UDPEOI"
"Nichole";"Totton";"IK5L357U"
"Luelle";"Love";"MGPONNCX"
"Renate";"Kinane";"XRWFPZYW"
"Hew";"Parkeson";"1VDIOH9H"
"Shell";"Guite";"STGKMAAU"
"Eryn";"Figures";"XPMV9ODG"
"Dean";"O'Crotty";"FYNT6QGW"
"Karlen";"Hehl";"Q5SIZEWR"
"Yolanda";"Ramshaw";"LV95UKOG"
"Rockie";"Goning";"QJWOM7PC"
"Wendi";"Shearer";"RGOWHU7P"
"Miriam";"Goracci";"3DOQOCA1"
"Claudell";"Timeby";"MQESY3C7"
"Sansone";"De Angelo";"RAOKYJ7E"
"Jeno";"Olenchenko";"XYE8YEBF"
"Koenraad";"Morilla";"19QRQDU8"
"Brendan";"Tidcomb";"ECXF3PPL"
"Hendrick";"Christofol";"VLFP0J0M"
"Giovanna";"Holtum";"XH14FYH7"
"Claribel";"Kunert";"I0U82MIH"
"Chrissie";"Triggs";"HV6GLLO1"
"Flore";"Le Cornu";"MZNS9I0Z"
"Emelda";"Duffie";"K9RRDTRK"
"Colver";"Lain";"A8FN32RU"
"Horton";"Ducham";"D6Y8Y7G3"
"Emmalee";"Kunat";"6OFURKJO"
"Halli";"Penwright";"M2X7NGCY"
"Israel";"Weekland";"GEW9SY9C"
"Christie";"Iorizzi";"FUHNN4NM"
"Yuri";"Ridsdole";"UOF9ZLEM"
"Webster";"Fendlow";"V923XEP1"
"Kyrstin";"Gorthy";"NA4FY2D4"
"Nahum";"Gwatkins";"5F4TYXRD"
"Veda";"Powrie";"C0AME6YB"
"Fransisco";"Suttell";"98G9DAFF"
"Chadd";"Sibylla";"67HGML99"
"Antonio";"Pool";"Y8OGX37T"
"Billy";"Welch";"5OCYJHMU"
"Renee";"Simic";"FTQ4BB3R"
"Findlay";"Rowesby";"UVG99B0Q"
"Vernen";"Blanchet";"1VJBQ8SC"
"Virgie";"Jasik";"QX89X41C"
"Janenna";"Wort";"HI1TWG9C"
"Myriam";"Ubsdell";"X6G4N0M5"
"Clarette";"Macvey";"EMFV6FDW"
"Whitney";"Albasini";"5K6X3F9P"
"Justinn";"Fold";"GTW4TR74"
"Ros";"Fortman";"OLM55E7Q"
"Archaimbaud";"Divina";"661K8AB3"
"Datha";"Sikorsky";"DUN399P8"
"Rhona";"Edeler";"0FDCU4WF"
"Estella";"Freddi";"SOOJHLLI"
"Eulalie";"Possa";"N00ZATU1"
"Erick";"Faircliff";"FCZ33V9D"
"Baxter";"Fuster";"SA06YZW0"
"Bee";"Sanzio";"DJ2TFKDY"
"Neely";"Lettuce";"DUDD7ZHI"
"Hewett";"McCrone";"PBP3K9HU"
"Bail";"Clancey";"JVQNGA18"
"Currie";"Robet";"1E70WQAQ"
"Kayley";"Patsall";"BNZ0S5P4"
"Aubree";"Ickov";"82YYG3XM"
"Karel";"Klimke";"FCKO1I17"
"Engelbert";"Lambot";"LWUM5J7I"
"Ollie";"Flecknoe";"RB48QEHO"
"Felice";"Bonallick";"9U2TZV6E"
"Rolf";"Espinoy";"7E6KVGFZ"
"Artie";"Mennithorp";"H8ZCFCZ3"
"Jolie";"Lofthouse";"KI4H64ST"
"Sidonnie";"Jerrold";"QQ4RK29L"
"Rivy";"Scrammage";"6QAMLVI0"
"Weidar";"O'Kuddyhy";"8QTAIH86"
"Rheba";"Ankers";"E4N713MM"
"Trina";"Cossons";"RNQS4ZZR"
"Lenna";"Yuryaev";"524KY6PC"
"Jock";"Durn";"7Q4EPYAS"
"Floyd";"Wabb";"P9SUDL9J"
"Lottie";"Worsnop";"7MMIPLWN"
"Dolf";"Reedyhough";"BTVDRHGE"
"Kristian";"Blaney";"NY3QSAK7"
"Olenolin";"Sowrey";"OF3VWZER"
"Andras";"Trump";"4KKW4AGK"
"Jacky";"McCarrison";"VO944HRV"
"Stepha";"Braunton";"AAUF52RV"
"Bar";"Philpin";"XNNLHEP0"
"Whitman";"Kubasiewicz";"DOACMGN5"
"Adorne";"Aaronsohn";"JC8L8DZW"
"Simmonds";"Hannum";"O0UFWQZ6"
"Faydra";"Aggott";"K3AOREGF"
"Chandler";"Mooney";"4KWLGYR4"
"Dolores";"Kestian";"TNCYS3VM"
"Josephina";"Lockyear";"ID5IJU45"
"Katheryn";"Grasha";"U00EL1MR"
"Oona";"Filoniere";"D0A5H1NI"
"Rosie";"Hanes";"KAMUKTIO"
"Drucy";"Gerish";"VPL2SR64"
"Giacobo";"Arnley";"G80AU6ZX"
"Bertina";"Bradbury";"30MOP1Y8"
"Kathy";"Dorbin";"6M6JLDO1"
"Bancroft";"Zisneros";"7ORT2ORI"
"Micky";"Pitson";"QCPWI0XI"
"Hillel";"Lamberto";"VFTFQ5OP"
"Karee";"Tixall";"4HQRZHF1"
"Mitch";"Corse";"XSE1GLCF"
"Kary";"Gramer";"BA209MBA"
"Moselle";"MacNockater";"6W2N71ZU"
"Shannen";"Tayt";"1Z40IEGV"
"Darcee";"Trulock";"KDEUFRET"
"Ninnette";"Neising";"XQ0MT6I4"
"Zsa zsa";"Ashpole";"NFQLNUD8"
"Micaela";"Benadette";"HES6R38L"
"Adele";"Pulver";"OJ3HVFY8"
"Alex";"Lennox";"DTPF98MN"
"Thurstan";"Tolwood";"JU4BJS57"
"Abel";"Kilbane";"895KA9XK"
"Gizela";"Lamy";"DUQHZ0ZH"
"Dmitri";"Clemits";"4W1OSHQO"
"Cordell";"Witty";"QV82GH2G"
"Penelope";"Fried";"SONQDGHY"
"Trudy";"Odegaard";"5VUBXHD4"
"Baird";"Kuzma";"LMLBQJ5J"
"Erny";"Ruhben";"ID5CE1VC"
"Tiebold";"Castelli";"43C5XDJT"
"Ario";"Nowaczyk";"11LWYT90"
"Layney";"Cardo";"T1LBBKI3"
"Sharline";"Kubicka";"SM0N7JE5"
"Veronika";"Grcic";"ZATGB8UX"
"Eva";"McNutt";"E0WKQGIH"
"Randee";"Petrenko";"H92QMQL5"
"Barbi";"Langdon";"JRW8N174"
"Ashien";"Custed";"3BP2MX6D"
"Sandi";"Godart";"SK84FV1L"
"Karrie";"Eminson";"6QDNTYE8"
"Iormina";"Brisseau";"LK31MVUU"
"Ola";"Antczak";"UU4VDJ2B"
"Mallory";"Rignold";"F9OOI4AS"
"Dasi";"Piens";"ZJNZ93F1"
"Lammond";"Nijs";"SLR342OT"
"Binny";"Martins";"PT03DSMX"
"Philip";"McCard";"TDTTWS8K"
"Laurene";"Klampt";"94PNW34J"
"Leoine";"Eite";"Z8LCJSUJ"
"Angeline";"Radki";"ON9G0Z8X"
"Jonas";"Meeland";"WI11C9TZ"
"Delilah";"Peffer";"B3M5JFVP"
"Gibby";"Hornig";"T3IB76QG"
"Rutger";"Bonnaire";"SO6QC2FB"
"Rickie";"Doore";"HI9VV9Q2"
"Eveleen";"Kenwyn";"8UAP788J"
"Woodman";"Dimitriou";"F0QPTFO7"
"Sylas";"Cavalier";"YFQ7FXIP"
"Josiah";"Heiner";"XUYZX041"
"Lyssa";"Kores";"ZOJHMIVV"
"Shawna";"Ryall";"0R1QWLOS"
"Karel";"Qusklay";"2ZLHVA62"
"Brannon";"Grover";"Y66A2II5"
"De";"Issacoff";"A5TSCX6T"
"Wilt";"Brazel";"28X1PB39"
"Aubine";"Landers";"JSJWGIGE"
"Barbabas";"Wegener";"CJ4NBMA8"
"York";"Brosi";"GQV6G2NZ"
"Rikki";"Minerdo";"J59P8KKW"
"Jasper";"Pentercost";"OA62FOS6"
"Lucila";"Fairebrother";"AI65HUK8"
"Arleta";"Timson";"HV0IH2F4"
"Benjy";"Edger";"6MPPJSAN"
"Didi";"Cassy";"R10VDYWT"
"Husain";"Ponceford";"ET1R65CB"
"Filberte";"Wrench";"MSRU24I2"
"Ramon";"Angear";"9DSSKGAM"
"Caroline";"Dietzler";"VKU3COX8"
"Tammy";"Patullo";"LUQY1E9K"
"Curcio";"Willatt";"OKD1IO99"
"Ivie";"Schroeder";"CEIA35SQ"
"Gretel";"Bentham";"BOFY9ZZ9"
"Margette";"Cottis";"FXNQZ7UT"
"Charlean";"Wookey";"NA427ZJZ"
"Barnaby";"Louys";"EU1LX8GI"
"Gus";"Salvatore";"BLVTI1EE"
"Nevsa";"Pleat";"SMFNUS6L"
"Luisa";"Baldree";"H2IHZ0SJ"
"Hailee";"McLurg";"HLE4SS0Q"
"Earl";"Klimus";"RLDN6FDS"
"Lorens";"Waple";"OE3T05SR"
"Smith";"Frankland";"O5BHSYRV"
"Obediah";"Close";"SO1JT0PZ"
"Hilary";"Ivanitsa";"4PQWAA20"
"Merrilee";"Bartolijn";"ERFIMJ2C"
"Laney";"Grimoldby";"IAGHZL6N"
"Noami";"Coston";"E95SMN3Y"
"Nathanael";"Presho";"00DMAYEB"
"Ninnette";"O' Shea";"X0B17EJ2"
"Gianna";"Elsmore";"B0BMJM9D"
"Katherina";"Doggrell";"ZWE2WP94"
"Brenda";"Peverell";"VR1IZ6R1"
"Fancie";"Capeloff";"HC6S0DPR"
"Randa";"Wragge";"12KKNL19"
"Danni";"Stockwell";"PHZKD5U8"
"Orv";"O'Fearguise";"46PNDQ79"
"Garwin";"Pidgeley";"5FOUSWSI"
"Eleen";"Giovannini";"SWZFX5T2"
"Cord";"Dayley";"YCS8ILBE"
"Matilda";"Shevelin";"MHLBA7H7"
"Bonnie";"Worsell";"BRWROTR7"
"Shandra";"Trenholme";"LGL4DA7I"
"Cherlyn";"Merring";"3287ZEA1"
"Duff";"Luebbert";"VCB5GZEV"
"Aida";"Joyes";"K1V1RDZT"
"Kipp";"Dinis";"RQ78KJTF"
"Faustine";"Henzer";"W6EIQGE8"
"Laverna";"Cleeves";"45DPCD4U"
"Tammy";"Lutzmann";"O1C2Z9T0"
"Koral";"Yakunin";"SOUWLOR7"
"Joelie";"Biddiss";"K614G5A6"
"Boycie";"Dyer";"VM9IJV3N"
"Matelda";"Rogerot";"VT8C72H3"
"Adan";"Rutledge";"RV4CA5IM"
"Emanuel";"McClunaghan";"72REF03W"
"Warren";"Ianetti";"5IALC8DH"
"Janith";"Llewellin";"JTZONDCW"
"Almire";"Peerless";"DD5GV4RF"
"Selma";"Spykings";"AGFN3GWE"
"Kit";"Eagan";"5OIYVNJV"
"Luci";"Scothorn";"0ONZ5DIL"
"See";"Apfelmann";"CYE8522K"
"Jan";"Swadon";"RWC2VNIT"
"Veradis";"Skiggs";"764QL5CE"
"Katee";"Sunman";"V6QMEZC5"
"Virginia";"Kinzel";"SFXW3S1R"
"Ronnie";"Wimp";"23HSUDZ0"
"Fabian";"Meads";"KZYPPWLV"
"Christye";"Papaccio";"RUMFWDNF"
"Bili";"Dubbin";"278GMJDN"
"Liam";"Warlowe";"S0DPX50Y"
"Hynda";"Hryskiewicz";"N0DO80WP"
"Ninette";"Walford";"N3MN14MT"
"Genni";"Blaes";"5WVK7GVU"
"Marys";"Sussams";"06GJPVQN"
"Fernanda";"Convery";"XHL4QXVY"
"Oliviero";"Holbie";"VTJFG4OG"
"Antonino";"Drogan";"XR72QLIN"
"Marga";"Benedito";"3Z0PT6YA"
"Delano";"Richardeau";"DXTMAWXX"
"Letty";"Baldassi";"9L5U4EY3"
"Keenan";"Plewright";"VPJEAXGT"
"Christiane";"Mottershead";"VP6L3WKH"
"Vikky";"Goodbourn";"LR8NPDAS"
"Rosetta";"Clowney";"TY2MC4BL"
"Madelene";"Hoff";"L3BLZ0AW"
"Johnny";"Killoran";"4SHO0NA5"
"Vonni";"Chieze";"2JZYVV7S"
"Gail";"Stawell";"AYUPRFAA"
"Allayne";"Graine";"JM52QVOG"
"Gratiana";"Bowmen";"FOM3Z8IE"
"Bennie";"Cocker";"VJTSMPPD"
"Darlene";"Broadway";"CE802MWJ"
"Joellyn";"Fairholme";"IOB4LJLG"
"Hughie";"Peniman";"Q16YIUIZ"
"Orin";"Salle";"O7RGW3VW"
"Shayne";"Bridson";"42N3TBWV"
"Daniele";"Pioli";"8HN5FHEN"
"Natala";"Van T'Hoog";"9V1T6QAB"
"Evelyn";"Presland";"66QDDHEC"
"Annora";"Gilston";"263NDYQS"
"Morna";"Franek";"ABQBV6FA"
"Claiborne";"Hegdonne";"8DLOEHP3"
"Arluene";"Barabisch";"UGTXI6CM"
"Vitoria";"Cholwell";"RALO0FJ5"
"Chelsey";"Titmuss";"OXSQTRN3"
"Doralia";"Hammerich";"X7J2BVWB"
"Nancy";"Dillon";"DY04UCAT"
"Arni";"Granham";"CB1338L4"
"Phyllida";"Valero";"G9FD61XI"
"Craggy";"Cullon";"J1HV51MA"
"Bond";"Grindley";"8YXVBE08"
"Nadine";"Geffen";"D17T8RW3"
"Dale";"Pinniger";"RC1R83NU"
"Thor";"Tohill";"GHMU2PC4"
"Cy";"Kembley";"UVYNPJYM"
"Tessi";"Ninnotti";"QZ212433"
"Elset";"Stolberger";"X5N0WTBJ"
"Arabela";"Cohan";"TZMBYKT7"
"Jeramey";"Teasdale-Markie";"4D8IFNHF"
"Gretchen";"Scrooby";"JT27YH1K"
"Katey";"Boylund";"TFHBEX8W"
"Nils";"Coule";"1GOUBVPM"
"Catherina";"Aries";"KCN5CT8R"
"Jammie";"Dunnan";"PQQJ6Q2R"
"Stacey";"Buddle";"4JAY4V9F"
"Christophe";"Vize";"6VXYGTN8"
"Loella";"Gaishson";"FVHMOCOU"
"Dewain";"Lethbrig";"TCIN1PUI"
"Adelaide";"Frichley";"YC999AVW"
"Baxie";"Lodovichi";"MDOAC6LM"
"Ulick";"Lattie";"EKKEZ9NW"
"Gayla";"Lewton";"0MP331J9"
"Angy";"Uccello";"0DYK0S4N"
"Jemmy";"Rabbage";"ZTWZRVDO"
"Wilow";"Dooney";"8NRZSBU5"
"Daryn";"Atto";"RDS5EEHB"
"Ethelred";"Hayer";"N2WGTKFN"
"Dale";"Mariette";"ZYR5W4JL"
"Wit";"Cund";"8L6T300L"
"Claire";"Beig";"BOUW2MZD"
"Averyl";"Curreen";"HXZUS9QN"
"Kaylil";"O'Kinedy";"9PTYJW6J"
"Benedick";"Twiggins";"OP9EJ3Q9"
"Barbi";"Bramble";"MM8SFZV6"
"Baxy";"Goodbarr";"1PJA63LY"
"Rosabelle";"Lohrensen";"NH277NV2"
"Washington";"Dayborne";"JERNSVED"
"Cchaddie";"Dollman";"J2E583CK"
"Cissy";"Heinle";"ONTTTTVQ"
"Sari";"Bradburn";"E97WHRZQ"
"Tisha";"Resdale";"VY6KDV7N"
"Dan";"Robus";"55S99SUD"
"Tamar";"Kinsley";"BOSS5QW5"
"Mil";"Ifill";"YUO8951U"
"Rycca";"Ranklin";"8XZ9N4GM"
"Roxie";"Whitfield";"AA38HWAZ"
"Letisha";"Francino";"P02GI34I"
"James";"Quilkin";"9T8PS15O"
"Davida";"Dutchburn";"MABLTCV6"
"Alexia";"Meadowcroft";"TVDBCPNP"
"Dre";"Dorgan";"OQU4BBSN"
"Shaw";"Whittlesee";"4ALD3J1J"
"Gabby";"Erett";"VKELSLI2"
"Beauregard";"Braams";"BPZODRTO"
"Wang";"Coase";"7VNCJBCT"
"Suki";"Giovannetti";"3Q49SHW6"
"Hershel";"Maestro";"K4SRVX1W"
"Debra";"Tidswell";"WX99HI8R"
"Antonella";"Deamer";"QUAZ3TK4"
"Edie";"Crufts";"VY4CLLZN"
"Angela";"Waltho";"91DFX3ZT"
"Robert";"Pasby";"3KQ1ROHG"
"Emelyne";"Winckle";"JFPBMWGU"
"Crystie";"Housecraft";"Z4ARQXT4"
"Sabra";"Begg";"P4UT29CV"
"Ira";"Tregido";"FTR4XZ0J"
"Danica";"Thurner";"G3HYPB8U"
"Christie";"Allanby";"G2U25Q3I"
"Malia";"Halliday";"YM21ECES"
"Felix";"Fortnon";"XXLW7PK8"
"Wayland";"Christoforou";"M9WS23TK"
"Sarena";"Soldan";"UEJI0P7J"
"Tiff";"Soutar";"9J25PB70"
"Natty";"Bamfield";"DVTVJL5Z"
"Bram";"Fochs";"FS2EDORB"
"Brigitte";"Kenewel";"YXYTW7T4"
"Lisbeth";"Maryin";"34MF5G60"
"Leontyne";"Light";"9KR1GHJM"
"Dmitri";"Bowyer";"O2U8DJ3V"
"Vernor";"Balls";"GQVHFSTZ"
"Mandi";"Brandassi";"FMA5921P"
"Toma";"Rounsivall";"WQARZEZ1"
"Claire";"Silver";"5HQUZN5O"
"Armin";"Ainley";"WEU1Y8WX"
"Giffie";"Uppett";"85IB7ESW"
"Auguste";"Sworn";"EV5AQ6F3"
"Mikel";"Churly";"AZCE7KBY"
"Liva";"Bernardet";"YXXUWZR5"
"Perry";"De Witt";"TQRPV7YR"
"Parrnell";"Dye";"NHNHW8A3"
"Carlos";"McGrann";"8JQ9W3Q0"
"Dotty";"Hebson";"0EMCJYS1"
"Hersch";"Akaster";"7ZK9KNZ0"
"Gaile";"Bellingham";"B9WOZTOZ"
"Milissent";"Mathew";"02JEO5F6"
"Wakefield";"Boner";"DX3PMAYR"
"Fremont";"Lapslie";"3TMWQNCK"
"Abie";"Stubs";"GLM5WQBS"
"Carlina";"Sedworth";"81IM601W"
"Duff";"Januszewski";"30O8LDRH"
"Nate";"Caisley";"DNCQT17S"
"Deidre";"Willcox";"V0SVUZKA"
"Rafi";"Aspinwall";"R164X2SJ"
"Mercedes";"Gallagher";"1L5RL5H6"
"Cornell";"Gubbins";"IOQ10RTO"
"Ree";"Beecker";"SDHQO0HD"
"Glenda";"Dunridge";"N2KR6H0G"
"Devin";"Cowsby";"W69B9MV8"
"Jarib";"Linney";"Y5X79CZN"
"Ranna";"Asser";"PYBCU2CW"
"Pearl";"Sheilds";"NBA2FGG5"
"Pauli";"Tedstone";"RFX48HY5"
"Victor";"Horsell";"QI1YKBON"
"Melli";"Claypole";"WF12IMAI"
"Carson";"Kitchenham";"7EPN3NEI"
"Mervin";"Mallabon";"Y7KQMNSB"
"Gennie";"Cicerone";"LTEHYVO2"
"Hettie";"Fortnum";"CM0ILASL"
"Arthur";"Denerley";"VF37MRSU"
"Derwin";"Chrismas";"ONN6B7PY"
"Hyatt";"Ondrasek";"LKYS6Z6X"
"Nelie";"Sholl";"HCR9MUSJ"
"Emmit";"Appleyard";"J5U1H9RV"
"Larisa";"Wilderspoon";"1B1X2Z7T"
"Dode";"Extill";"1BRYC7S4"
"Amii";"Grosvenor";"SEQH3MNX"
"Florie";"Littlefield";"SLV0V3CQ"
"Margit";"Bosence";"LOXYPCDN"
"Dido";"Brogioni";"VVU9VDBF"
"Devinne";"Gabbot";"SFTGEYE9"
"Holly-anne";"Burfitt";"EMAY8LFB"
"Wilhelm";"Scriviner";"O7SHSXZB"
"Rivalee";"Franseco";"3ACMIVCZ"
"Mollie";"Cox";"2WDJTPXP"
"Queenie";"Gencke";"MGWD03ZQ"
"Gladys";"Pawelczyk";"MZU75W2R"
"Beverley";"Abbyss";"L4Q7SI8W"
"Brandy";"Harome";"46ZWNT0F"
"Glenda";"Shearn";"KJCI6KPH"
"Pietrek";"Ludwell";"EJ78ANM6"
"Esther";"Minigo";"NBU6SIBA"
"Cart";"Caton";"B0UL77XD"
"Bealle";"Raper";"9C9A1BXD"
"Randa";"Garth";"RIC1I98R"
"Filmore";"Reyne";"BNHIEJ8V"
"Culley";"MacBrearty";"WERMF0RY"
"Mikey";"Duddell";"11RIG4N6"
"Darb";"Plumptre";"7KVWU1DH"
"Gaby";"Sharpin";"0K29UTYV"
"Peter";"Lockyear";"7H54KY3K"
"Ernesta";"Hubner";"RR6VVT3P"
"Imelda";"Beresfore";"ST0VGMKG"
"Nickolas";"Erskine";"OL98RJYB"
"Andee";"Marsie";"X2ZFMGP3"
"Christean";"Riddles";"6TOEFO32"
"Reinwald";"Chastey";"OXCQUVPT"
"Inger";"Ryrie";"350NMOVD"
"Kassie";"Rappoport";"URRV2Q4U"
"Nat";"Prestney";"SMXBT71D"
"Kordula";"Canty";"2ZMEKFCC"
"Corabelle";"Le Noire";"B36C5Z4X"
"Myriam";"Symcox";"EPEZ1X78"
"Frederica";"Gymlett";"O1I6KY8D"
"Si";"Lagadu";"D5DILPFD"
"Wilfrid";"Springthorp";"R70CFUHC"
"Stinky";"Frisel";"R7ZF7HB9"
"Wenonah";"Pottiphar";"BFAEJWZP"
"Waverly";"Gaffney";"8PIOZVL1"
"Abdul";"Deville";"ICCFKKKC"
"Danita";"Worms";"1SH9EC2P"
"Calhoun";"Rosen";"4L643RCH"
"Shandra";"Crowth";"890GN168"
"Kalinda";"Vasin";"X7ZBPV7E"
"Hillel";"Clemerson";"BEFUGRW6"
"Cristine";"Loche";"JCF6WFH3"
"Annabell";"Raise";"HUEGO19T"
"Dolores";"Gorsse";"CEEZAXNN"
"Rudie";"Nuschke";"4PC3G1JD"
"Gustaf";"Biner";"MQOC3MKJ"
"Chrissy";"Charrisson";"Z98N8GW9"
"Gothart";"Claessens";"WMCK9144"
"Ella";"Cheke";"YS1UA0UE"
"Alfy";"Mitchelson";"0NO18VZ3"
"Reba";"Coie";"2ROEOZ6M"
"Calla";"Kear";"I2OV0GO9"
"Pascale";"Burthom";"G2BVINHR"
"Florella";"Speake";"46P4PBYI"
"Leopold";"Birkmyre";"KPVTEPZ8"
"Arne";"Sier";"NH4I7Y48"
"Alisha";"Meddemmen";"BLHD9FB7"
"Mathias";"Milward";"8XMCUQZ8"
"Chandal";"Kevlin";"YMP2T3WC"
"Bailie";"Pendre";"VX2XQ2J4"
"Arnie";"Lankham";"XS2R7N4Y"
"Johnnie";"McCormack";"B6GEPB61"
"Talya";"Lugsdin";"VUZU5S4V"
"Chloe";"Bottomley";"UNW7OMA9"
"Alexina";"Gooch";"YSVGBKEO"
"Agathe";"Levis";"IY8CR8W3"
"Gabrielle";"Creamen";"UMDTQCUQ"
"Davidson";"Highwood";"0JCT1X05"
"Wenda";"Phalp";"03C4GPZY"
"Sybille";"Spleving";"9AMIG4SR"
"Alwin";"Cannell";"PVWTX75B"
"Ermanno";"Yanne";"F5COUVCE"
"Evangelia";"Pensom";"Y7B2BFCC"
"Ray";"Brideaux";"777OZHKR"
"Goldia";"Idill";"ISFIN78V"
"Vaclav";"Ordelt";"KLF0DP2F"
"Rock";"Triggel";"ZZYCN5Y7"
"Darrel";"Damarell";"BU7HH3PS"
"Scarface";"Stanford";"YC08NLWO"
"Killian";"Grinsdale";"FYJM6BQC"
"Gloriana";"Abrahamowitcz";"K8MBDFU4"
"Eadmund";"Gowanson";"0NRF5GH7"
"Abigael";"Pithie";"EOXY32Y9"
"Kordula";"Scroggs";"3T6ZAKK1"
"Jaymie";"Craighill";"E8FFSRRU"
"Waylin";"Bellenie";"4I9MQ23G"
"Henriette";"Kimmitt";"3HRQY3ED"
"Kaiser";"MacMenamin";"KQ71XYW2"
"Jacinthe";"Buick";"5D6JKRGF"
"Mickie";"Winwood";"FBE7ZPEX"
"Annette";"Crier";"PIPH94J5"
"Nikita";"Shepard";"U66ABV7X"
"Douglas";"Grummitt";"LFXTLNIW"
"Catlee";"Salvati";"HNWHB6D3"
"Edik";"Whitworth";"OJOJCIM2"
"Derk";"Halshaw";"IJY8ZIBU"
"Kary";"Lampl";"9WS5NR64"
"Sanderson";"Poxson";"EHEHN0BB"
"Michelina";"Kembery";"X4NGQZU2"
"Edin";"Gun";"4BYWPXRZ"
"Angela";"Theis";"5BQ3O4YR"
"Garry";"Fratczak";"AOCKYQ7U"
"Archibald";"Ellyatt";"XWUVXLJA"
"Donal";"Gallie";"BQWGNJ6F"
"Moritz";"Sinfield";"4WE8HVCE"
"Belita";"Fisbey";"APD3N7XF"
"Hyacintha";"Haughey";"A9AB1KWT"
"Dukie";"Whitnall";"K6FXCCSE"
"Sherry";"Bernlin";"WBTULCRI"
"Marcellus";"Shelbourne";"2E9IAORU"
"Bobbe";"Berks";"J3I4WQ8J"
"Delora";"Kinchlea";"PSLIRPR4"
"Kippy";"Jacombs";"5J6NEYHS"
"Tam";"McCoish";"F4Z84JRC"
"Eward";"Drover";"NUD6B404"
"Marv";"Tosh";"3RAELYVR"
"Damiano";"Vella";"NS45TPP4"
"Sidonnie";"Messer";"AC0WVA3U"
"Skipp";"Beedom";"SDFKD86I"
"Quinn";"Aartsen";"CN9S6DF2"
"Crawford";"Levick";"BZUA95XV"
"Abbie";"Francescotti";"2F8Y0FVM"
"Alanna";"Randalson";"X55Y2XSC"
"Catina";"Jahns";"OVK44UYC"
"Brenn";"Nys";"2G5TCBVX"
"Yvonne";"Alwin";"BQSMD2A0"
"Chancey";"Boor";"8E50ZWQN"
"Julia";"Beaglehole";"XJD406V5"
"Drusi";"Mulvany";"Z3O38AXO"
"Emlen";"Riguard";"3M7APLQ0"
"Wood";"Connah";"9LCUYJZ3"
"Ginger";"Wakefield";"LF573NF7"
"Tasia";"Orrah";"WFGRBLRZ"
"Erhard";"Musgrove";"JQJKOXOM"
"Gian";"Jeaffreson";"4JPYWHGA"
"Adan";"Cook";"NL3KJZMH"
"Madelyn";"Watkin";"W9I6C4T4"
"Perl";"Harragin";"GEWESN4Q"
"Pascal";"Sample";"S0X6B4K5"
"Addy";"Hafner";"OAES9TCI"
"Nicholle";"Dunn";"83L7TKFK"
"Nolana";"Tuison";"Q4ETR5OI"
"Willow";"Pernell";"E41O59GI"
"Kimberlyn";"Kornalik";"65X55RGR"
"Allene";"Joules";"U922H4MJ"
"Meridith";"Leabeater";"3QCSDNW8"
"Fran";"Overy";"2YX72KQP"
"Ethelda";"McLese";"DQ2VI5D1"
"Chic";"Ansley";"PB0IVAXR"
"Tuckie";"Durman";"VBMH8QM7"
"Lynna";"Espinazo";"P5AG1WRX"
"Granthem";"Gildea";"Q9MHJIEV"
"Brenda";"Tommaseo";"ZAKAMTPL"
"Holt";"Fills";"G8CZPVGE"
"Marjorie";"Redsall";"GLBIFVQF"
"Marquita";"Guerri";"RHRDXSJS"
"Niel";"Overstreet";"TC08V9W9"
"Ellsworth";"Walbrook";"0FEYZJOU"
"Loni";"Tribbeck";"VZFNYUIS"
"Renado";"Deackes";"91WYD6HB"
"Tanner";"Rosewell";"I4H3XNCM"
"Giorgia";"Lethbury";"RFSN4VYT"
"Leslie";"Bengle";"GO5R3K97"
"Jeri";"Ledwidge";"P4P93RJQ"
"Artemas";"Fair";"4O2LBZ1S"
"Norry";"Walkey";"CMO5W1MC"
"Thomasa";"Hordle";"8DX65W8Z"
"George";"L'Amie";"C15B8P0I"
"Rolf";"Winslett";"4ME5JXYP"
"Ethel";"Syphas";"V8BY0KG3"
"Nerty";"Gounet";"D7UT15QE"
"Dasha";"Scargle";"3GTDUX2A"
"Nelia";"Addionizio";"Y51Y4VO9"
"Brander";"Cicchinelli";"5LUFLXDQ"
"Izaak";"Sommer";"GWKZRDBO"
"Tommy";"Saffer";"BJMKOUSN"
"Silvanus";"Hasson";"4837PPHN"
"Kim";"Penberthy";"8FTOTM8R"
"Sheridan";"Delnevo";"88XFLKZT"
"Conney";"Pena";"6S0N5OIP"
"Brandie";"Matejka";"CMC4VQ5H"
"Thorstein";"Du Pre";"6YWIV5CW"
"Lacey";"Verlander";"PMI26XDG"
"Chic";"Meadowcraft";"INL5VXBL"
"Gloriane";"Da Costa";"8A0ZYZAR"
"Muhammad";"Kornes";"YDFPL5TJ"
"Goober";"Weildish";"6M14UKJL"
"Merle";"Valentin";"ELQKU3AG"
"Van";"Lockitt";"GX04J5Q7"
"Johnny";"Huleatt";"GBH92FVG"
"Leopold";"Cruwys";"AYFOOHB0"
"Mame";"Sulland";"P16F2NUQ"
"Nelson";"Capper";"18BDUZ6A"
"Stormi";"Canape";"45R9W9FO"
"Haskell";"Breddy";"2SXC3EU5"
"Constanta";"MacCarroll";"NC753X0T"
"Thain";"Vandenhoff";"Y6RBJMYQ"
"Cort";"Robbins";"05AK08DW"
"Jerald";"Poleykett";"98994QQS"
"Reinaldos";"Willishire";"JT1S88EV"
"Llywellyn";"Kamenar";"T6P72VHJ"
"Trev";"Danels";"ECUL42EC"
"Skip";"Schulz";"3PMO8PAZ"
"Lanae";"Scotchmur";"3N2STGBO"
"Rurik";"Maberley";"JLOIXHWT"
"Chelsea";"Cowap";"5JTB33A2"
"Doroteya";"Glasgow";"HOXMNI2V"
"Clair";"Castellaccio";"9FCUW5XI"
"Gale";"Gregory";"F9TCR8D9"
"Tate";"Essel";"YCOIJOD3"
"Harriott";"Sneyd";"XXEG9OT6"
"Bambie";"Beecraft";"GVMMUOO8"
"Hillary";"Gidney";"FNKPKRQ5"
"Cicily";"Hanlon";"5JRKCJWC"
"Alysa";"Adamski";"TBGELUZV"
"Harlie";"Coraini";"7F8BHMNN"
"Tarrah";"Rheaume";"P6TFNZQR"
"Griff";"Hould";"8Z3NV40R"
"Newton";"Morrott";"3WAC5I5W"
"Lita";"Gerrill";"FXP5P7W2"
"Sidnee";"Mellings";"N66QB43B"
"Alfred";"Alker";"ARSDIHXL"
"Jean";"Sheryne";"0Y4OXF93"
"Morlee";"Bessent";"U31Y2FPF"
"Kelby";"Rasch";"WXJSFRXA"
"Ara";"Avramovic";"55F1B6P8"
"Xymenes";"Ing";"26ENU1QN"
"Griffin";"Tanslie";"AQ9PKY1N"
"Bird";"O' Scallan";"KKPN0JA4"
"Turner";"Lowcock";"K3BCPOAF"
"Jewel";"Jeckell";"WAX2OMS9"
"Michaella";"Kase";"AYYY5VOY"
"Baxy";"Gapper";"N5FZ4GEB"
"Vonny";"Franklen";"U57M43ML"
"Bellina";"Jiggins";"KELCVKZ7"
"Patsy";"Bercevelo";"EESV0KMM"
"Nicoli";"Bloys";"YC2ET9J8"
"Jule";"Spensley";"RTAMWG4G"
"Moyna";"Bickle";"KZY373O3"
"Ruperta";"Tooher";"0NEEIKT7"
"Cora";"Baltzar";"5UIIHLZR"
